Workbook

Sheet README
A1: 바이오시밀러 비교 에이전트 정답셋 v0.2 (2026-10-02)
A4: 이번 버전에서 한 일
A5: 1단계 studies | B5: EPAR 3개를 직접 읽고 시험 11개를 정리. 평가 대상 = PK 유사성 시험 4개(SB17-1001, ABP 20190230, CT-P43 1.1 Part 2, CT-P43 1.2) + CT-P43 통합 분석
A6: 2단계 라벨링(A) | B6: Claude가 라벨러 A로 4개 시험 × 32칸 = 128칸 + 추가 분석 19칸을 원문에서 직접 채움. 이미지 표는 페이지를 렌더링해 눈으로 확인
A7: 3단계 규칙 수정 | B7: 라벨링 중 판단이 갈린 13가지를 ambiguity_log 탭에 기록하고 스키마에 반영(analysis_id, 비교 방향, N/n 분리, modality, ADA 정의 등)
A8: 4단계 | B8: 수정된 규칙으로 ABP 654·CT-P43까지 라벨링 완료. B 라벨러용 블라인드 시트는 별도 파일
A10: 아직 정답이 아닌 이유
A11: AI_DRAFT | B11: 모든 칸은 AI 라벨(A)이다. 같은 계열 모델로 에이전트를 만들 경우 같은 실수를 공유할 수 있으므로, 사람 B의 독립 라벨과 일치하거나 조정된 칸만 HUMAN으로 승격해 정답으로 쓴다
A12: B 작업 | B12: B_blind_labeling_v0.2.xlsx를 A 값을 보지 않고 채운 뒤, B_status·B_value_num·B_ci_low·B_ci_high·B_pdf_page를 이 파일 gold_values에 붙여넣으면 agree 열과 summary의 B 일치율이 자동 계산된다
A13: 우선 확인 | B13: PENDING 1칸(CT-P43 1.1 EU/US 결론), IMAGE 근거 34칸(자동 대조 불가)
A15: 탭
A16: summary | B16: 충족률·자동 대조·일치율
A17: gold_values | B17: 정답 본체. 1행 = 1칸. CORE = 평가 격자, EXTRA = 추가 분석·정의(함정 테스트용), EXAMPLE = 형식 예시
A18: studies | B18: 제품별 시험 목록과 평가 대상 지정
A19: field_dictionary | B19: 필드 정의·라벨링 규칙 (v0.2 변경 열 포함)
A20: ambiguity_log | B20: 파일럿에서 발견한 모호성과 규칙 변경 근거
A21: open_questions / synthetic_tests | B21: 열린 질문·함정 테스트 (이번 EPAR 사례로 갱신)
A22: products / sources | B22: 제품 매핑(AUTO)과 원문 해시
A23: enums | B23: 허용 코드
A25: 키 구조
A26: 정답 키 | B26: (study_key, field_id, analysis_id, arm 또는 comparison, analysis_set, timepoint). analysis_id가 없으면 같은 칸에 정답이 여러 개 생긴다(A1)
A28: 범례
A29: 노란 칸 | B29: B가 입력할 칸
A30: 회색 칸 | B30: 자동 수식
A31: 주황 칸 | B31: 사람 판정이 필요한 PENDING 행
A32: 연녹색 키 | B32: EXTRA 행
A33: 파란 기울임 행 | B33: 형식 예시
A35: 채점 규칙 (초안)
A36: 숫자 | B36: 키 일치 + |차이| ≤ 0.01 (원문 자릿수 기준). 신뢰구간 동일
A37: 상태 | B37: status 정확 일치. 정답이 NOT_FOUND인데 숫자를 내면 할루시네이션으로 별도 집계
A38: 출처 | B38: 같은 source_id + pdf_page(또는 alt_locations) ±1. TEXT 근거는 인용 페이지에 값 문자열이 있는지 코드로 확인

Sheet summary
A1: 정답셋 v0.2 현황 (in_eval=Y · CORE 행)
A3: 전체 현황
A4: 지표 | B4: 값 | C4: 설명
A5: 평가 대상 칸 수 | B5: =COUNTIFS(gold_values!$AO$3:$AO$800,"Y",gold_values!$L$3:$L$800,"CORE") -> 128 | C5: CORE 격자 (4개 시험 × 32칸)
A6: REPORTED | B6: =COUNTIFS(gold_values!$AO$3:$AO$800,"Y",gold_values!$L$3:$L$800,"CORE",gold_values!$M$3:$M$800,"REPORTED") -> 108 | C6: 공개 문서에 값이 있음
A7: REDACTED | B7: =COUNTIFS(gold_values!$AO$3:$AO$800,"Y",gold_values!$L$3:$L$800,"CORE",gold_values!$M$3:$M$800,"REDACTED") -> 0 | C7: 가림 처리
A8: NOT_FOUND | B8: =COUNTIFS(gold_values!$AO$3:$AO$800,"Y",gold_values!$L$3:$L$800,"CORE",gold_values!$M$3:$M$800,"NOT_FOUND") -> 19 | C8: 확인 범위에서 찾지 못함
A9: NOT_APPLICABLE | B9: =COUNTIFS(gold_values!$AO$3:$AO$800,"Y",gold_values!$L$3:$L$800,"CORE",gold_values!$M$3:$M$800,"NOT_APPLICABLE") -> 0 | C9: 해당 없음
A10: PENDING | B10: =COUNTIFS(gold_values!$AO$3:$AO$800,"Y",gold_values!$L$3:$L$800,"CORE",gold_values!$M$3:$M$800,"PENDING") -> 1 | C10: 사람 판정 필요
A11: 라벨 진행률 | B11: =IF(B5=0,"-",1-B10/B5) -> 0.9921875 | C11: PENDING이 아닌 칸 비율
A12: 필드 충족률 | B12: =IF((B6+B7+B8)=0,"-",B6/(B6+B7+B8)) -> 0.8503937 | C12: REPORTED ÷ (REPORTED+REDACTED+NOT_FOUND)
A15: 시험별
A16: 구분 | B16: 전체 | C16: REPORTED | D16: REDACTED | E16: NOT_FOUND | F16: NOT_APPLICABLE | G16: PENDING | H16: 충족률
A17: ST_SB17_1001 | B17: =COUNTIFS(gold_values!$AO$3:$AO$800,"Y",gold_values!$L$3:$L$800,"CORE",gold_values!$C$3:$C$800,A17) -> 32 | C17: =COUNTIFS(gold_values!$AO$3:$AO$800,"Y",gold_values!$L$3:$L$800,"CORE",gold_values!$C$3:$C$800,A17,gold_values!$M$3:$M$800,"REPORTED") -> 22 | D17: =COUNTIFS(gold_values!$AO$3:$AO$800,"Y",gold_values!$L$3:$L$800,"CORE",gold_values!$C$3:$C$800,A17,gold_values!$M$3:$M$800,"REDACTED") -> 0 | E17: =COUNTIFS(gold_values!$AO$3:$AO$800,"Y",gold_values!$L$3:$L$800,"CORE",gold_values!$C$3:$C$800,A17,gold_values!$M$3:$M$800,"NOT_FOUND") -> 10 | F17: =COUNTIFS(gold_values!$AO$3:$AO$800,"Y",gold_values!$L$3:$L$800,"CORE",gold_values!$C$3:$C$800,A17,gold_values!$M$3:$M$800,"NOT_APPLICABLE") -> 0 | G17: =COUNTIFS(gold_values!$AO$3:$AO$800,"Y",gold_values!$L$3:$L$800,"CORE",gold_values!$C$3:$C$800,A17,gold_values!$M$3:$M$800,"PENDING") -> 0 | H17: =IF((C17+D17+E17)=0,"-",C17/(C17+D17+E17)) -> 0.6875
A18: ST_ABP_20190230 | B18: =COUNTIFS(gold_values!$AO$3:$AO$800,"Y",gold_values!$L$3:$L$800,"CORE",gold_values!$C$3:$C$800,A18) -> 32 | C18: =COUNTIFS(gold_values!$AO$3:$AO$800,"Y",gold_values!$L$3:$L$800,"CORE",gold_values!$C$3:$C$800,A18,gold_values!$M$3:$M$800,"REPORTED") -> 29 | D18: =COUNTIFS(gold_values!$AO$3:$AO$800,"Y",gold_values!$L$3:$L$800,"CORE",gold_values!$C$3:$C$800,A18,gold_values!$M$3:$M$800,"REDACTED") -> 0 | E18: =COUNTIFS(gold_values!$AO$3:$AO$800,"Y",gold_values!$L$3:$L$800,"CORE",gold_values!$C$3:$C$800,A18,gold_values!$M$3:$M$800,"NOT_FOUND") -> 3 | F18: =COUNTIFS(gold_values!$AO$3:$AO$800,"Y",gold_values!$L$3:$L$800,"CORE",gold_values!$C$3:$C$800,A18,gold_values!$M$3:$M$800,"NOT_APPLICABLE") -> 0 | G18: =COUNTIFS(gold_values!$AO$3:$AO$800,"Y",gold_values!$L$3:$L$800,"CORE",gold_values!$C$3:$C$800,A18,gold_values!$M$3:$M$800,"PENDING") -> 0 | H18: =IF((C18+D18+E18)=0,"-",C18/(C18+D18+E18)) -> 0.90625
A19: ST_CTP43_1_1_P2 | B19: =COUNTIFS(gold_values!$AO$3:$AO$800,"Y",gold_values!$L$3:$L$800,"CORE",gold_values!$C$3:$C$800,A19) -> 32 | C19: =COUNTIFS(gold_values!$AO$3:$AO$800,"Y",gold_values!$L$3:$L$800,"CORE",gold_values!$C$3:$C$800,A19,gold_values!$M$3:$M$800,"REPORTED") -> 28 | D19: =COUNTIFS(gold_values!$AO$3:$AO$800,"Y",gold_values!$L$3:$L$800,"CORE",gold_values!$C$3:$C$800,A19,gold_values!$M$3:$M$800,"REDACTED") -> 0 | E19: =COUNTIFS(gold_values!$AO$3:$AO$800,"Y",gold_values!$L$3:$L$800,"CORE",gold_values!$C$3:$C$800,A19,gold_values!$M$3:$M$800,"NOT_FOUND") -> 3 | F19: =COUNTIFS(gold_values!$AO$3:$AO$800,"Y",gold_values!$L$3:$L$800,"CORE",gold_values!$C$3:$C$800,A19,gold_values!$M$3:$M$800,"NOT_APPLICABLE") -> 0 | G19: =COUNTIFS(gold_values!$AO$3:$AO$800,"Y",gold_values!$L$3:$L$800,"CORE",gold_values!$C$3:$C$800,A19,gold_values!$M$3:$M$800,"PENDING") -> 1 | H19: =IF((C19+D19+E19)=0,"-",C19/(C19+D19+E19)) -> 0.90322581
A20: ST_CTP43_1_2 | B20: =COUNTIFS(gold_values!$AO$3:$AO$800,"Y",gold_values!$L$3:$L$800,"CORE",gold_values!$C$3:$C$800,A20) -> 32 | C20: =COUNTIFS(gold_values!$AO$3:$AO$800,"Y",gold_values!$L$3:$L$800,"CORE",gold_values!$C$3:$C$800,A20,gold_values!$M$3:$M$800,"REPORTED") -> 29 | D20: =COUNTIFS(gold_values!$AO$3:$AO$800,"Y",gold_values!$L$3:$L$800,"CORE",gold_values!$C$3:$C$800,A20,gold_values!$M$3:$M$800,"REDACTED") -> 0 | E20: =COUNTIFS(gold_values!$AO$3:$AO$800,"Y",gold_values!$L$3:$L$800,"CORE",gold_values!$C$3:$C$800,A20,gold_values!$M$3:$M$800,"NOT_FOUND") -> 3 | F20: =COUNTIFS(gold_values!$AO$3:$AO$800,"Y",gold_values!$L$3:$L$800,"CORE",gold_values!$C$3:$C$800,A20,gold_values!$M$3:$M$800,"NOT_APPLICABLE") -> 0 | G20: =COUNTIFS(gold_values!$AO$3:$AO$800,"Y",gold_values!$L$3:$L$800,"CORE",gold_values!$C$3:$C$800,A20,gold_values!$M$3:$M$800,"PENDING") -> 0 | H20: =IF((C20+D20+E20)=0,"-",C20/(C20+D20+E20)) -> 0.90625
A22: 도메인별
A23: 구분 | B23: 전체 | C23: REPORTED | D23: REDACTED | E23: NOT_FOUND | F23: NOT_APPLICABLE | G23: PENDING | H23: 충족률
A24: DESIGN | B24: =COUNTIFS(gold_values!$AO$3:$AO$800,"Y",gold_values!$L$3:$L$800,"CORE",gold_values!$E$3:$E$800,A24) -> 52 | C24: =COUNTIFS(gold_values!$AO$3:$AO$800,"Y",gold_values!$L$3:$L$800,"CORE",gold_values!$E$3:$E$800,A24,gold_values!$M$3:$M$800,"REPORTED") -> 49 | D24: =COUNTIFS(gold_values!$AO$3:$AO$800,"Y",gold_values!$L$3:$L$800,"CORE",gold_values!$E$3:$E$800,A24,gold_values!$M$3:$M$800,"REDACTED") -> 0 | E24: =COUNTIFS(gold_values!$AO$3:$AO$800,"Y",gold_values!$L$3:$L$800,"CORE",gold_values!$E$3:$E$800,A24,gold_values!$M$3:$M$800,"NOT_FOUND") -> 3 | F24: =COUNTIFS(gold_values!$AO$3:$AO$800,"Y",gold_values!$L$3:$L$800,"CORE",gold_values!$E$3:$E$800,A24,gold_values!$M$3:$M$800,"NOT_APPLICABLE") -> 0 | G24: =COUNTIFS(gold_values!$AO$3:$AO$800,"Y",gold_values!$L$3:$L$800,"CORE",gold_values!$E$3:$E$800,A24,gold_values!$M$3:$M$800,"PENDING") -> 0 | H24: =IF((C24+D24+E24)=0,"-",C24/(C24+D24+E24)) -> 0.94230769
A25: PK | B25: =COUNTIFS(gold_values!$AO$3:$AO$800,"Y",gold_values!$L$3:$L$800,"CORE",gold_values!$E$3:$E$800,A25) -> 48 | C25: =COUNTIFS(gold_values!$AO$3:$AO$800,"Y",gold_values!$L$3:$L$800,"CORE",gold_values!$E$3:$E$800,A25,gold_values!$M$3:$M$800,"REPORTED") -> 34 | D25: =COUNTIFS(gold_values!$AO$3:$AO$800,"Y",gold_values!$L$3:$L$800,"CORE",gold_values!$E$3:$E$800,A25,gold_values!$M$3:$M$800,"REDACTED") -> 0 | E25: =COUNTIFS(gold_values!$AO$3:$AO$800,"Y",gold_values!$L$3:$L$800,"CORE",gold_values!$E$3:$E$800,A25,gold_values!$M$3:$M$800,"NOT_FOUND") -> 13 | F25: =COUNTIFS(gold_values!$AO$3:$AO$800,"Y",gold_values!$L$3:$L$800,"CORE",gold_values!$E$3:$E$800,A25,gold_values!$M$3:$M$800,"NOT_APPLICABLE") -> 0 | G25: =COUNTIFS(gold_values!$AO$3:$AO$800,"Y",gold_values!$L$3:$L$800,"CORE",gold_values!$E$3:$E$800,A25,gold_values!$M$3:$M$800,"PENDING") -> 1 | H25: =IF((C25+D25+E25)=0,"-",C25/(C25+D25+E25)) -> 0.72340426
A26: IMMUNO | B26: =COUNTIFS(gold_values!$AO$3:$AO$800,"Y",gold_values!$L$3:$L$800,"CORE",gold_values!$E$3:$E$800,A26) -> 28 | C26: =COUNTIFS(gold_values!$AO$3:$AO$800,"Y",gold_values!$L$3:$L$800,"CORE",gold_values!$E$3:$E$800,A26,gold_values!$M$3:$M$800,"REPORTED") -> 25 | D26: =COUNTIFS(gold_values!$AO$3:$AO$800,"Y",gold_values!$L$3:$L$800,"CORE",gold_values!$E$3:$E$800,A26,gold_values!$M$3:$M$800,"REDACTED") -> 0 | E26: =COUNTIFS(gold_values!$AO$3:$AO$800,"Y",gold_values!$L$3:$L$800,"CORE",gold_values!$E$3:$E$800,A26,gold_values!$M$3:$M$800,"NOT_FOUND") -> 3 | F26: =COUNTIFS(gold_values!$AO$3:$AO$800,"Y",gold_values!$L$3:$L$800,"CORE",gold_values!$E$3:$E$800,A26,gold_values!$M$3:$M$800,"NOT_APPLICABLE") -> 0 | G26: =COUNTIFS(gold_values!$AO$3:$AO$800,"Y",gold_values!$L$3:$L$800,"CORE",gold_values!$E$3:$E$800,A26,gold_values!$M$3:$M$800,"PENDING") -> 0 | H26: =IF((C26+D26+E26)=0,"-",C26/(C26+D26+E26)) -> 0.89285714
A28: 검증 지표 (EXAMPLE 제외 전체 행)
A29: 지표 | B29: 값 | C29: 설명
A30: 텍스트 자동 대조 PASS | B30: =COUNTIFS(gold_values!$L$3:$L$800,"<>EXAMPLE",gold_values!$AD$3:$AD$800,"PASS") -> 94 | C30: 인용문·숫자가 인용 페이지 텍스트 층에 실제로 있음
A31: 텍스트 자동 대조 FAIL | B31: =COUNTIFS(gold_values!$L$3:$L$800,"<>EXAMPLE",gold_values!$AD$3:$AD$800,"FAIL*") -> 0 | C31: 0이어야 함
A32: 이미지 근거 (시각 확인 필요) | B32: =COUNTIFS(gold_values!$L$3:$L$800,"<>EXAMPLE",gold_values!$AD$3:$AD$800,"IMAGE*") -> 34 | C32: 자동 대조 불가 → B 검토 때 우선 확인
A33: B 일치율 | B33: =IF((COUNTIF(gold_values!$AJ$3:$AJ$800,"Y")+COUNTIF(gold_values!$AJ$3:$AJ$800,"N"))=0,"-",COUNTIF(gold_values!$AJ$3:$AJ$800,"Y")/(COUNTIF(gold_values!$AJ$3:$AJ$800,"Y")+COUNTIF(gold_values!$AJ$3:$AJ$800,"N"))) -> - | C33: B_status를 입력한 행 중 A와 일치 (B 입력 전에는 '-')
A34: 이전 파일럿 추출과 일치 | B34: =COUNTIF(gold_values!$AM$3:$AM$800,"Y")&" / "&(COUNTIF(gold_values!$AM$3:$AM$800,"Y")+COUNTIF(gold_values!$AM$3:$AM$800,"N")) -> 8 / 8 | C34: observations.jsonl 8건 재추출 대조
A35: 키·출처 오류 칸 | B35: =COUNTIF(gold_values!$AP$3:$AP$800,"*누락") -> 0 | C35: 0이어야 함
A36: AI_DRAFT 칸 | B36: =COUNTIF(gold_values!$AN$3:$AN$800,"AI_DRAFT") -> 147 | C36: 사람 검증 전 칸
A37: HUMAN 칸 | B37: =COUNTIF(gold_values!$AN$3:$AN$800,"HUMAN") -> 0 | C37: B 검증 후 승격

Sheet gold_values
A1: 키 | M1: 정답 값 | V1: 출처 | AD1: 검증
A2: gold_id | B2: product_id | C2: study_key | D2: field_id | E2: domain | F2: level | G2: analysis_id | H2: arm | I2: comparison | J2: analysis_set | K2: timepoint | L2: row_type | M2: status | N2: value_text | O2: value_num | P2: ci_low | Q2: ci_high | R2: unit | S2: n_test | T2: n_ref | U2: denominator | V2: source_id | W2: pdf_page | X2: printed_page | Y2: locator | Z2: modality | AA2: evidence_quote | AB2: alt_locations | AC2: searched_scope | AD2: auto_text_check | AE2: B_status | AF2: B_value_num | AG2: B_ci_low | AH2: B_ci_high | AI2: B_pdf_page | AJ2: agree | AK2: cross_source_id | AL2: cross_value | AM2: cross_match | AN2: gold_tier | AO2: in_eval | AP2: key_check | AQ2: notes
A3: G-EX-01 | B3: P_ABP654 | C3: ST_ABP_20200417 | D3: pk_gmr_auc_tau | E3: =IFERROR(INDEX(field_dictionary!$B:$B,MATCH($D3,field_dictionary!$A:$A,0)),"") -> PK | F3: =IFERROR(INDEX(field_dictionary!$C:$C,MATCH($D3,field_dictionary!$A:$A,0)),"") -> COMPARISON | G3: PRIMARY | H3: NA | I3: SWITCH_vs_CONT | K3: Week 52–64 | L3: EXAMPLE | M3: REPORTED | N3: 0.9325 (90% CI 0.8874–0.9799) | O3: 93.25 | P3: 88.74 | Q3: 97.99 | R3: % | V3: SRC_EUCTR_ABP_IC | Y3: Results > Primary end points | Z3: TEXT | AJ3: =IF(AE3="","",IF(AND(AE3=M3,ABS(N(AF3)-N(O3))<=0.01,ABS(N(AG3)-N(P3))<=0.01,ABS(N(AH3)-N(Q3))<=0.01),"Y","N")) | AM3: =IF(OR(AL3="",O3=""),"",IF(ABS(N(AL3)-N(O3))<=0.01,"Y","N")) | AO3: =IFERROR(INDEX(studies!$L:$L,MATCH($C3,studies!$A:$A,0)),"") -> N | AP3: =IF(AND(M3="REPORTED",V3=""),"출처 누락",IF(AND(M3="NOT_FOUND",AC3=""),"검색범위 누락",IF(F3="ARM",IF(OR(H3="",H3="NA"),"arm 누락","OK"),IF(F3="COMPARISON",IF(OR(I3="",I3="NA"),"비교쌍 누락",IF(OR(G3="",G3="NA"),"analysis_id 누락","OK")),IF(F3="","","OK"))))) -> OK | AQ3: 형식 예시(평가 제외). 20200417 상호교환성 시험 — Wezenla EPAR에 없는 시험. EU CTR 구조화 결과를 요약 도구로 조회(2026-10-02), 원문 문구 대조 필요
A4: G-EX-02 | B4: P_ABP654 | C4: ST_ABP_20200417 | D4: pk_gmr_cmax | E4: =IFERROR(INDEX(field_dictionary!$B:$B,MATCH($D4,field_dictionary!$A:$A,0)),"") -> PK | F4: =IFERROR(INDEX(field_dictionary!$C:$C,MATCH($D4,field_dictionary!$A:$A,0)),"") -> COMPARISON | G4: PRIMARY | H4: NA | I4: SWITCH_vs_CONT | K4: Week 52–64 | L4: EXAMPLE | M4: REPORTED | N4: 0.9483 (90% CI 0.8977–1.0018) | O4: 94.83 | P4: 89.77 | Q4: 100.18 | R4: % | V4: SRC_EUCTR_ABP_IC | Y4: Results > Primary end points | Z4: TEXT | AJ4: =IF(AE4="","",IF(AND(AE4=M4,ABS(N(AF4)-N(O4))<=0.01,ABS(N(AG4)-N(P4))<=0.01,ABS(N(AH4)-N(Q4))<=0.01),"Y","N")) | AM4: =IF(OR(AL4="",O4=""),"",IF(ABS(N(AL4)-N(O4))<=0.01,"Y","N")) | AO4: =IFERROR(INDEX(studies!$L:$L,MATCH($C4,studies!$A:$A,0)),"") -> N | AP4: =IF(AND(M4="REPORTED",V4=""),"출처 누락",IF(AND(M4="NOT_FOUND",AC4=""),"검색범위 누락",IF(F4="ARM",IF(OR(H4="",H4="NA"),"arm 누락","OK"),IF(F4="COMPARISON",IF(OR(I4="",I4="NA"),"비교쌍 누락",IF(OR(G4="",G4="NA"),"analysis_id 누락","OK")),IF(F4="","","OK"))))) -> OK | AQ4: 형식 예시(평가 제외). 20200417 상호교환성 시험 — Wezenla EPAR에 없는 시험. EU CTR 구조화 결과를 요약 도구로 조회(2026-10-02), 원문 문구 대조 필요
A5: G-SB17-001 | B5: P_SB17 | C5: ST_SB17_1001 | D5: design_phase | E5: =IFERROR(INDEX(field_dictionary!$B:$B,MATCH($D5,field_dictionary!$A:$A,0)),"") -> DESIGN | F5: =IFERROR(INDEX(field_dictionary!$C:$C,MATCH($D5,field_dictionary!$A:$A,0)),"") -> STUDY | G5: NA | H5: NA | I5: NA | J5: NA | L5: CORE | M5: REPORTED | N5: Phase I | O5: 1 | V5: SRC_EPAR_PYZ | W5: 37 | X5: Page 37/168 | Y5: 2.6.2.1 Study design | Z5: TEXT | AA5: randomised, double-blind, three-arm, parallel group, single-dose Phase I study | AD5: PASS | AJ5: =IF(AE5="","",IF(AND(AE5=M5,ABS(N(AF5)-N(O5))<=0.01,ABS(N(AG5)-N(P5))<=0.01,ABS(N(AH5)-N(Q5))<=0.01),"Y","N")) | AM5: =IF(OR(AL5="",O5=""),"",IF(ABS(N(AL5)-N(O5))<=0.01,"Y","N")) | AN5: AI_DRAFT | AO5: =IFERROR(INDEX(studies!$L:$L,MATCH($C5,studies!$A:$A,0)),"") -> Y | AP5: =IF(AND(M5="REPORTED",V5=""),"출처 누락",IF(AND(M5="NOT_FOUND",AC5=""),"검색범위 누락",IF(F5="ARM",IF(OR(H5="",H5="NA"),"arm 누락","OK"),IF(F5="COMPARISON",IF(OR(I5="",I5="NA"),"비교쌍 누락",IF(OR(G5="",G5="NA"),"analysis_id 누락","OK")),IF(F5="","","OK"))))) -> OK
A6: G-SB17-002 | B6: P_SB17 | C6: ST_SB17_1001 | D6: design_population | E6: =IFERROR(INDEX(field_dictionary!$B:$B,MATCH($D6,field_dictionary!$A:$A,0)),"") -> DESIGN | F6: =IFERROR(INDEX(field_dictionary!$C:$C,MATCH($D6,field_dictionary!$A:$A,0)),"") -> STUDY | G6: NA | H6: NA | I6: NA | J6: NA | L6: CORE | M6: REPORTED | N6: Healthy male or female, aged 18-55 years (inclusive); body weight 60.0-90.0 kg, BMI 19.0-29.9 kg/m2 | V6: SRC_EPAR_PYZ | W6: 38 | X6: Page 38/168 | Y6: Key inclusion criteria 1-2 | Z6: TEXT | AA6: Healthy male or female, aged 18-55 years (inclusive) on the day of signing the informed consent. | AD6: PASS | AJ6: =IF(AE6="","",IF(AND(AE6=M6,ABS(N(AF6)-N(O6))<=0.01,ABS(N(AG6)-N(P6))<=0.01,ABS(N(AH6)-N(Q6))<=0.01),"Y","N")) | AM6: =IF(OR(AL6="",O6=""),"",IF(ABS(N(AL6)-N(O6))<=0.01,"Y","N")) | AN6: AI_DRAFT | AO6: =IFERROR(INDEX(studies!$L:$L,MATCH($C6,studies!$A:$A,0)),"") -> Y | AP6: =IF(AND(M6="REPORTED",V6=""),"출처 누락",IF(AND(M6="NOT_FOUND",AC6=""),"검색범위 누락",IF(F6="ARM",IF(OR(H6="",H6="NA"),"arm 누락","OK"),IF(F6="COMPARISON",IF(OR(I6="",I6="NA"),"비교쌍 누락",IF(OR(G6="",G6="NA"),"analysis_id 누락","OK")),IF(F6="","","OK"))))) -> OK
A7: G-SB17-003 | B7: P_SB17 | C7: ST_SB17_1001 | D7: design_type | E7: =IFERROR(INDEX(field_dictionary!$B:$B,MATCH($D7,field_dictionary!$A:$A,0)),"") -> DESIGN | F7: =IFERROR(INDEX(field_dictionary!$C:$C,MATCH($D7,field_dictionary!$A:$A,0)),"") -> STUDY | G7: NA | H7: NA | I7: NA | J7: NA | L7: CORE | M7: REPORTED | N7: randomised, double-blind, three-arm, parallel group, single-dose | V7: SRC_EPAR_PYZ | W7: 37 | X7: Page 37/168 | Y7: 2.6.2.1 Study design | Z7: TEXT | AA7: Study SB17-1001 is a randomised, double-blind, three-arm, parallel group, single-dose Phase I study | AD7: PASS | AJ7: =IF(AE7="","",IF(AND(AE7=M7,ABS(N(AF7)-N(O7))<=0.01,ABS(N(AG7)-N(P7))<=0.01,ABS(N(AH7)-N(Q7))<=0.01),"Y","N")) | AM7: =IF(OR(AL7="",O7=""),"",IF(ABS(N(AL7)-N(O7))<=0.01,"Y","N")) | AN7: AI_DRAFT | AO7: =IFERROR(INDEX(studies!$L:$L,MATCH($C7,studies!$A:$A,0)),"") -> Y | AP7: =IF(AND(M7="REPORTED",V7=""),"출처 누락",IF(AND(M7="NOT_FOUND",AC7=""),"검색범위 누락",IF(F7="ARM",IF(OR(H7="",H7="NA"),"arm 누락","OK"),IF(F7="COMPARISON",IF(OR(I7="",I7="NA"),"비교쌍 누락",IF(OR(G7="",G7="NA"),"analysis_id 누락","OK")),IF(F7="","","OK"))))) -> OK
A8: G-SB17-004 | B8: P_SB17 | C8: ST_SB17_1001 | D8: dose | E8: =IFERROR(INDEX(field_dictionary!$B:$B,MATCH($D8,field_dictionary!$A:$A,0)),"") -> DESIGN | F8: =IFERROR(INDEX(field_dictionary!$C:$C,MATCH($D8,field_dictionary!$A:$A,0)),"") -> STUDY | G8: NA | H8: NA | I8: NA | J8: NA | L8: CORE | M8: REPORTED | N8: 45 mg/0.5 mL | O8: 45 | R8: mg | V8: SRC_EPAR_PYZ | W8: 39 | X8: Page 39/168 | Y8: Treatments | Z8: TEXT | AA8: Subjects received a single dose of 45 mg/0.5 mL of either Pyzchiva, EU-approved Stelara, or US- licensed Stelara on Day 1 as an SC injection. | AD8: PASS | AJ8: =IF(AE8="","",IF(AND(AE8=M8,ABS(N(AF8)-N(O8))<=0.01,ABS(N(AG8)-N(P8))<=0.01,ABS(N(AH8)-N(Q8))<=0.01),"Y","N")) | AM8: =IF(OR(AL8="",O8=""),"",IF(ABS(N(AL8)-N(O8))<=0.01,"Y","N")) | AN8: AI_DRAFT | AO8: =IFERROR(INDEX(studies!$L:$L,MATCH($C8,studies!$A:$A,0)),"") -> Y | AP8: =IF(AND(M8="REPORTED",V8=""),"출처 누락",IF(AND(M8="NOT_FOUND",AC8=""),"검색범위 누락",IF(F8="ARM",IF(OR(H8="",H8="NA"),"arm 누락","OK"),IF(F8="COMPARISON",IF(OR(I8="",I8="NA"),"비교쌍 누락",IF(OR(G8="",G8="NA"),"analysis_id 누락","OK")),IF(F8="","","OK"))))) -> OK
A9: G-SB17-005 | B9: P_SB17 | C9: ST_SB17_1001 | D9: route | E9: =IFERROR(INDEX(field_dictionary!$B:$B,MATCH($D9,field_dictionary!$A:$A,0)),"") -> DESIGN | F9: =IFERROR(INDEX(field_dictionary!$C:$C,MATCH($D9,field_dictionary!$A:$A,0)),"") -> STUDY | G9: NA | H9: NA | I9: NA | J9: NA | L9: CORE | M9: REPORTED | N9: SC | V9: SRC_EPAR_PYZ | W9: 39 | X9: Page 39/168 | Y9: Treatments | Z9: TEXT | AA9: on Day 1 as an SC injection | AD9: PASS | AJ9: =IF(AE9="","",IF(AND(AE9=M9,ABS(N(AF9)-N(O9))<=0.01,ABS(N(AG9)-N(P9))<=0.01,ABS(N(AH9)-N(Q9))<=0.01),"Y","N")) | AM9: =IF(OR(AL9="",O9=""),"",IF(ABS(N(AL9)-N(O9))<=0.01,"Y","N")) | AN9: AI_DRAFT | AO9: =IFERROR(INDEX(studies!$L:$L,MATCH($C9,studies!$A:$A,0)),"") -> Y | AP9: =IF(AND(M9="REPORTED",V9=""),"출처 누락",IF(AND(M9="NOT_FOUND",AC9=""),"검색범위 누락",IF(F9="ARM",IF(OR(H9="",H9="NA"),"arm 누락","OK"),IF(F9="COMPARISON",IF(OR(I9="",I9="NA"),"비교쌍 누락",IF(OR(G9="",G9="NA"),"analysis_id 누락","OK")),IF(F9="","","OK"))))) -> OK
A10: G-SB17-006 | B10: P_SB17 | C10: ST_SB17_1001 | D10: primary_pk_endpoints | E10: =IFERROR(INDEX(field_dictionary!$B:$B,MATCH($D10,field_dictionary!$A:$A,0)),"") -> DESIGN | F10: =IFERROR(INDEX(field_dictionary!$C:$C,MATCH($D10,field_dictionary!$A:$A,0)),"") -> STUDY | G10: NA | H10: NA | I10: NA | J10: NA | L10: CORE | M10: REPORTED | N10: Cmax; AUC0-inf | V10: SRC_EPAR_PYZ | W10: 39 | X10: Page 39/168 | Y10: Primary endpoints | Z10: TEXT | AA10: Maximum serum concentration (Cmax) AND area under the serum concentration-time curve from time zero extrapolated to infinity (AUC0-inf) | AD10: PASS | AJ10: =IF(AE10="","",IF(AND(AE10=M10,ABS(N(AF10)-N(O10))<=0.01,ABS(N(AG10)-N(P10))<=0.01,ABS(N(AH10)-N(Q10))<=0.01),"Y","N")) | AM10: =IF(OR(AL10="",O10=""),"",IF(ABS(N(AL10)-N(O10))<=0.01,"Y","N")) | AN10: AI_DRAFT | AO10: =IFERROR(INDEX(studies!$L:$L,MATCH($C10,studies!$A:$A,0)),"") -> Y | AP10: =IF(AND(M10="REPORTED",V10=""),"출처 누락",IF(AND(M10="NOT_FOUND",AC10=""),"검색범위 누락",IF(F10="ARM",IF(OR(H10="",H10="NA"),"arm 누락","OK"),IF(F10="COMPARISON",IF(OR(I10="",I10="NA"),"비교쌍 누락",IF(OR(G10="",G10="NA"),"analysis_id 누락","OK")),IF(F10="","","OK"))))) -> OK
A11: G-SB17-007 | B11: P_SB17 | C11: ST_SB17_1001 | D11: equiv_margin | E11: =IFERROR(INDEX(field_dictionary!$B:$B,MATCH($D11,field_dictionary!$A:$A,0)),"") -> DESIGN | F11: =IFERROR(INDEX(field_dictionary!$C:$C,MATCH($D11,field_dictionary!$A:$A,0)),"") -> STUDY | G11: NA | H11: NA | I11: NA | J11: NA | L11: CORE | M11: REPORTED | N11: 0.8 to 1.25 (80% to 125%) | R11: ratio | V11: SRC_EPAR_PYZ | W11: 39 | X11: Page 39/168 | Y11: Objectives | Z11: TEXT | AA11: entirely contained within the equivalence margin of 0.8 to 1.25 | AD11: PASS | AJ11: =IF(AE11="","",IF(AND(AE11=M11,ABS(N(AF11)-N(O11))<=0.01,ABS(N(AG11)-N(P11))<=0.01,ABS(N(AH11)-N(Q11))<=0.01),"Y","N")) | AM11: =IF(OR(AL11="",O11=""),"",IF(ABS(N(AL11)-N(O11))<=0.01,"Y","N")) | AN11: AI_DRAFT | AO11: =IFERROR(INDEX(studies!$L:$L,MATCH($C11,studies!$A:$A,0)),"") -> Y | AP11: =IF(AND(M11="REPORTED",V11=""),"출처 누락",IF(AND(M11="NOT_FOUND",AC11=""),"검색범위 누락",IF(F11="ARM",IF(OR(H11="",H11="NA"),"arm 누락","OK"),IF(F11="COMPARISON",IF(OR(I11="",I11="NA"),"비교쌍 누락",IF(OR(G11="",G11="NA"),"analysis_id 누락","OK")),IF(F11="","","OK"))))) -> OK | AQ11: EMA 심사는 SB17 vs EU 비교만 1차 판정 기준(p41). US 관련 비교는 FDA용.
A12: G-SB17-008 | B12: P_SB17 | C12: ST_SB17_1001 | D12: ada_assay | E12: =IFERROR(INDEX(field_dictionary!$B:$B,MATCH($D12,field_dictionary!$A:$A,0)),"") -> IMMUNO | F12: =IFERROR(INDEX(field_dictionary!$C:$C,MATCH($D12,field_dictionary!$A:$A,0)),"") -> STUDY | G12: NA | H12: NA | I12: NA | J12: NA | L12: CORE | M12: REPORTED | N12: ADA: bridging ligand-binding assay, ECL (MSD), three-tiered. NAb: competitive ligand-binding assay, ECL (MSD) | V12: SRC_EPAR_PYZ | W12: 42 | X12: Page 42/168 | Y12: ADA assay / NAb assay | Z12: TEXT | AA12: using a bridging ligand-binding assay with an electrochemiluminescence (ECL) platform with Mesoscale Discovery (MSD) | AB12: p42 NAb assay 문단 | AD12: PASS | AJ12: =IF(AE12="","",IF(AND(AE12=M12,ABS(N(AF12)-N(O12))<=0.01,ABS(N(AG12)-N(P12))<=0.01,ABS(N(AH12)-N(Q12))<=0.01),"Y","N")) | AM12: =IF(OR(AL12="",O12=""),"",IF(ABS(N(AL12)-N(O12))<=0.01,"Y","N")) | AN12: AI_DRAFT | AO12: =IFERROR(INDEX(studies!$L:$L,MATCH($C12,studies!$A:$A,0)),"") -> Y | AP12: =IF(AND(M12="REPORTED",V12=""),"출처 누락",IF(AND(M12="NOT_FOUND",AC12=""),"검색범위 누락",IF(F12="ARM",IF(OR(H12="",H12="NA"),"arm 누락","OK"),IF(F12="COMPARISON",IF(OR(I12="",I12="NA"),"비교쌍 누락",IF(OR(G12="",G12="NA"),"analysis_id 누락","OK")),IF(F12="","","OK"))))) -> OK
A13: G-SB17-009 | B13: P_SB17 | C13: ST_SB17_1001 | D13: n_randomized | E13: =IFERROR(INDEX(field_dictionary!$B:$B,MATCH($D13,field_dictionary!$A:$A,0)),"") -> DESIGN | F13: =IFERROR(INDEX(field_dictionary!$C:$C,MATCH($D13,field_dictionary!$A:$A,0)),"") -> ARM | G13: NA | H13: TEST | I13: NA | J13: RANDOMIZED | L13: CORE | M13: REPORTED | N13: 67 | O13: 67 | R13: 명 | V13: SRC_EPAR_PYZ | W13: 42 | X13: Page 42/168 | Y13: Patient flow | Z13: TEXT | AA13: 201 subjects (67 subjects in each Pyzchiva, EU Stelara, and US Stelara) were randomised | AB13: p43 Table 3 (이미지) | AD13: PASS | AJ13: =IF(AE13="","",IF(AND(AE13=M13,ABS(N(AF13)-N(O13))<=0.01,ABS(N(AG13)-N(P13))<=0.01,ABS(N(AH13)-N(Q13))<=0.01),"Y","N")) | AM13: =IF(OR(AL13="",O13=""),"",IF(ABS(N(AL13)-N(O13))<=0.01,"Y","N")) | AN13: AI_DRAFT | AO13: =IFERROR(INDEX(studies!$L:$L,MATCH($C13,studies!$A:$A,0)),"") -> Y | AP13: =IF(AND(M13="REPORTED",V13=""),"출처 누락",IF(AND(M13="NOT_FOUND",AC13=""),"검색범위 누락",IF(F13="ARM",IF(OR(H13="",H13="NA"),"arm 누락","OK"),IF(F13="COMPARISON",IF(OR(I13="",I13="NA"),"비교쌍 누락",IF(OR(G13="",G13="NA"),"analysis_id 누락","OK")),IF(F13="","","OK"))))) -> OK
A14: G-SB17-010 | B14: P_SB17 | C14: ST_SB17_1001 | D14: n_randomized | E14: =IFERROR(INDEX(field_dictionary!$B:$B,MATCH($D14,field_dictionary!$A:$A,0)),"") -> DESIGN | F14: =IFERROR(INDEX(field_dictionary!$C:$C,MATCH($D14,field_dictionary!$A:$A,0)),"") -> ARM | G14: NA | H14: EU_RP | I14: NA | J14: RANDOMIZED | L14: CORE | M14: REPORTED | N14: 67 | O14: 67 | R14: 명 | V14: SRC_EPAR_PYZ | W14: 42 | X14: Page 42/168 | Y14: Patient flow | Z14: TEXT | AA14: 201 subjects (67 subjects in each Pyzchiva, EU Stelara, and US Stelara) were randomised | AB14: p43 Table 3 (이미지) | AD14: PASS | AJ14: =IF(AE14="","",IF(AND(AE14=M14,ABS(N(AF14)-N(O14))<=0.01,ABS(N(AG14)-N(P14))<=0.01,ABS(N(AH14)-N(Q14))<=0.01),"Y","N")) | AM14: =IF(OR(AL14="",O14=""),"",IF(ABS(N(AL14)-N(O14))<=0.01,"Y","N")) | AN14: AI_DRAFT | AO14: =IFERROR(INDEX(studies!$L:$L,MATCH($C14,studies!$A:$A,0)),"") -> Y | AP14: =IF(AND(M14="REPORTED",V14=""),"출처 누락",IF(AND(M14="NOT_FOUND",AC14=""),"검색범위 누락",IF(F14="ARM",IF(OR(H14="",H14="NA"),"arm 누락","OK"),IF(F14="COMPARISON",IF(OR(I14="",I14="NA"),"비교쌍 누락",IF(OR(G14="",G14="NA"),"analysis_id 누락","OK")),IF(F14="","","OK"))))) -> OK
A15: G-SB17-011 | B15: P_SB17 | C15: ST_SB17_1001 | D15: n_randomized | E15: =IFERROR(INDEX(field_dictionary!$B:$B,MATCH($D15,field_dictionary!$A:$A,0)),"") -> DESIGN | F15: =IFERROR(INDEX(field_dictionary!$C:$C,MATCH($D15,field_dictionary!$A:$A,0)),"") -> ARM | G15: NA | H15: US_RP | I15: NA | J15: RANDOMIZED | L15: CORE | M15: REPORTED | N15: 67 | O15: 67 | R15: 명 | V15: SRC_EPAR_PYZ | W15: 42 | X15: Page 42/168 | Y15: Patient flow | Z15: TEXT | AA15: 201 subjects (67 subjects in each Pyzchiva, EU Stelara, and US Stelara) were randomised | AB15: p43 Table 3 (이미지) | AD15: PASS | AJ15: =IF(AE15="","",IF(AND(AE15=M15,ABS(N(AF15)-N(O15))<=0.01,ABS(N(AG15)-N(P15))<=0.01,ABS(N(AH15)-N(Q15))<=0.01),"Y","N")) | AM15: =IF(OR(AL15="",O15=""),"",IF(ABS(N(AL15)-N(O15))<=0.01,"Y","N")) | AN15: AI_DRAFT | AO15: =IFERROR(INDEX(studies!$L:$L,MATCH($C15,studies!$A:$A,0)),"") -> Y | AP15: =IF(AND(M15="REPORTED",V15=""),"출처 누락",IF(AND(M15="NOT_FOUND",AC15=""),"검색범위 누락",IF(F15="ARM",IF(OR(H15="",H15="NA"),"arm 누락","OK"),IF(F15="COMPARISON",IF(OR(I15="",I15="NA"),"비교쌍 누락",IF(OR(G15="",G15="NA"),"analysis_id 누락","OK")),IF(F15="","","OK"))))) -> OK
A16: G-SB17-012 | B16: P_SB17 | C16: ST_SB17_1001 | D16: n_pk_set | E16: =IFERROR(INDEX(field_dictionary!$B:$B,MATCH($D16,field_dictionary!$A:$A,0)),"") -> DESIGN | F16: =IFERROR(INDEX(field_dictionary!$C:$C,MATCH($D16,field_dictionary!$A:$A,0)),"") -> ARM | G16: NA | H16: TEST | I16: NA | J16: PK_SET | L16: CORE | M16: REPORTED | N16: 67 | O16: 67 | R16: 명 | V16: SRC_EPAR_PYZ | W16: 42 | X16: Page 42/168 | Y16: Patient flow | Z16: TEXT | AA16: were randomised, all of whom included in the SAF and PKS | AB16: p43 Table 3 (이미지), p47 Table 8 'N = 67' | AD16: PASS | AJ16: =IF(AE16="","",IF(AND(AE16=M16,ABS(N(AF16)-N(O16))<=0.01,ABS(N(AG16)-N(P16))<=0.01,ABS(N(AH16)-N(Q16))<=0.01),"Y","N")) | AM16: =IF(OR(AL16="",O16=""),"",IF(ABS(N(AL16)-N(O16))<=0.01,"Y","N")) | AN16: AI_DRAFT | AO16: =IFERROR(INDEX(studies!$L:$L,MATCH($C16,studies!$A:$A,0)),"") -> Y | AP16: =IF(AND(M16="REPORTED",V16=""),"출처 누락",IF(AND(M16="NOT_FOUND",AC16=""),"검색범위 누락",IF(F16="ARM",IF(OR(H16="",H16="NA"),"arm 누락","OK"),IF(F16="COMPARISON",IF(OR(I16="",I16="NA"),"비교쌍 누락",IF(OR(G16="",G16="NA"),"analysis_id 누락","OK")),IF(F16="","","OK"))))) -> OK | AQ16: PKS N=67이지만 평가변수별 실제 분석 n은 62/64/60 → GMR 행의 n_test/n_ref 참조
A17: G-SB17-013 | B17: P_SB17 | C17: ST_SB17_1001 | D17: n_pk_set | E17: =IFERROR(INDEX(field_dictionary!$B:$B,MATCH($D17,field_dictionary!$A:$A,0)),"") -> DESIGN | F17: =IFERROR(INDEX(field_dictionary!$C:$C,MATCH($D17,field_dictionary!$A:$A,0)),"") -> ARM | G17: NA | H17: EU_RP | I17: NA | J17: PK_SET | L17: CORE | M17: REPORTED | N17: 67 | O17: 67 | R17: 명 | V17: SRC_EPAR_PYZ | W17: 42 | X17: Page 42/168 | Y17: Patient flow | Z17: TEXT | AA17: were randomised, all of whom included in the SAF and PKS | AB17: p43 Table 3 (이미지), p47 Table 8 'N = 67' | AD17: PASS | AJ17: =IF(AE17="","",IF(AND(AE17=M17,ABS(N(AF17)-N(O17))<=0.01,ABS(N(AG17)-N(P17))<=0.01,ABS(N(AH17)-N(Q17))<=0.01),"Y","N")) | AM17: =IF(OR(AL17="",O17=""),"",IF(ABS(N(AL17)-N(O17))<=0.01,"Y","N")) | AN17: AI_DRAFT | AO17: =IFERROR(INDEX(studies!$L:$L,MATCH($C17,studies!$A:$A,0)),"") -> Y | AP17: =IF(AND(M17="REPORTED",V17=""),"출처 누락",IF(AND(M17="NOT_FOUND",AC17=""),"검색범위 누락",IF(F17="ARM",IF(OR(H17="",H17="NA"),"arm 누락","OK"),IF(F17="COMPARISON",IF(OR(I17="",I17="NA"),"비교쌍 누락",IF(OR(G17="",G17="NA"),"analysis_id 누락","OK")),IF(F17="","","OK"))))) -> OK | AQ17: PKS N=67이지만 평가변수별 실제 분석 n은 62/64/60 → GMR 행의 n_test/n_ref 참조
A18: G-SB17-014 | B18: P_SB17 | C18: ST_SB17_1001 | D18: n_pk_set | E18: =IFERROR(INDEX(field_dictionary!$B:$B,MATCH($D18,field_dictionary!$A:$A,0)),"") -> DESIGN | F18: =IFERROR(INDEX(field_dictionary!$C:$C,MATCH($D18,field_dictionary!$A:$A,0)),"") -> ARM | G18: NA | H18: US_RP | I18: NA | J18: PK_SET | L18: CORE | M18: REPORTED | N18: 67 | O18: 67 | R18: 명 | V18: SRC_EPAR_PYZ | W18: 42 | X18: Page 42/168 | Y18: Patient flow | Z18: TEXT | AA18: were randomised, all of whom included in the SAF and PKS | AB18: p43 Table 3 (이미지), p47 Table 8 'N = 67' | AD18: PASS | AJ18: =IF(AE18="","",IF(AND(AE18=M18,ABS(N(AF18)-N(O18))<=0.01,ABS(N(AG18)-N(P18))<=0.01,ABS(N(AH18)-N(Q18))<=0.01),"Y","N")) | AM18: =IF(OR(AL18="",O18=""),"",IF(ABS(N(AL18)-N(O18))<=0.01,"Y","N")) | AN18: AI_DRAFT | AO18: =IFERROR(INDEX(studies!$L:$L,MATCH($C18,studies!$A:$A,0)),"") -> Y | AP18: =IF(AND(M18="REPORTED",V18=""),"출처 누락",IF(AND(M18="NOT_FOUND",AC18=""),"검색범위 누락",IF(F18="ARM",IF(OR(H18="",H18="NA"),"arm 누락","OK"),IF(F18="COMPARISON",IF(OR(I18="",I18="NA"),"비교쌍 누락",IF(OR(G18="",G18="NA"),"analysis_id 누락","OK")),IF(F18="","","OK"))))) -> OK | AQ18: PKS N=67이지만 평가변수별 실제 분석 n은 62/64/60 → GMR 행의 n_test/n_ref 참조
A19: G-SB17-015 | B19: P_SB17 | C19: ST_SB17_1001 | D19: ada_incidence | E19: =IFERROR(INDEX(field_dictionary!$B:$B,MATCH($D19,field_dictionary!$A:$A,0)),"") -> IMMUNO | F19: =IFERROR(INDEX(field_dictionary!$C:$C,MATCH($D19,field_dictionary!$A:$A,0)),"") -> ARM | G19: ADA_POSTDOSE_ANY | H19: TEST | I19: NA | J19: SAFETY_SET | K19: Post-dose (Day 29/71/99) | L19: CORE | M19: REPORTED | N19: 18/67 (26.9%) | O19: 26.9 | R19: % | U19: ALL_SUBJECTS (N=67) | V19: SRC_EPAR_PYZ | W19: 50 | X19: Page 50/168 | Y19: Immunogenicity | Z19: TEXT | AA19: The overall incidence of subjects with positive post-dose ADA to ustekinumab was 18/67 (26.9%), 23/67 (34.3%), and 23/67 (34.3%) | AB19: p49 Table 9 'Post-dose' 행 (이미지) | AD19: PASS | AJ19: =IF(AE19="","",IF(AND(AE19=M19,ABS(N(AF19)-N(O19))<=0.01,ABS(N(AG19)-N(P19))<=0.01,ABS(N(AH19)-N(Q19))<=0.01),"Y","N")) | AM19: =IF(OR(AL19="",O19=""),"",IF(ABS(N(AL19)-N(O19))<=0.01,"Y","N")) | AN19: AI_DRAFT | AO19: =IFERROR(INDEX(studies!$L:$L,MATCH($C19,studies!$A:$A,0)),"") -> Y | AP19: =IF(AND(M19="REPORTED",V19=""),"출처 누락",IF(AND(M19="NOT_FOUND",AC19=""),"검색범위 누락",IF(F19="ARM",IF(OR(H19="",H19="NA"),"arm 누락","OK"),IF(F19="COMPARISON",IF(OR(I19="",I19="NA"),"비교쌍 누락",IF(OR(G19="",G19="NA"),"analysis_id 누락","OK")),IF(F19="","","OK"))))) -> OK | AQ19: 정의: 기저치 이후 1회 이상 ADA 양성(기저치 양성 여부 무관)
A20: G-SB17-016 | B20: P_SB17 | C20: ST_SB17_1001 | D20: ada_incidence | E20: =IFERROR(INDEX(field_dictionary!$B:$B,MATCH($D20,field_dictionary!$A:$A,0)),"") -> IMMUNO | F20: =IFERROR(INDEX(field_dictionary!$C:$C,MATCH($D20,field_dictionary!$A:$A,0)),"") -> ARM | G20: ADA_POSTDOSE_ANY | H20: EU_RP | I20: NA | J20: SAFETY_SET | K20: Post-dose (Day 29/71/99) | L20: CORE | M20: REPORTED | N20: 23/67 (34.3%) | O20: 34.3 | R20: % | U20: ALL_SUBJECTS (N=67) | V20: SRC_EPAR_PYZ | W20: 50 | X20: Page 50/168 | Y20: Immunogenicity | Z20: TEXT | AA20: The overall incidence of subjects with positive post-dose ADA to ustekinumab was 18/67 (26.9%), 23/67 (34.3%), and 23/67 (34.3%) | AB20: p49 Table 9 'Post-dose' 행 (이미지) | AD20: PASS | AJ20: =IF(AE20="","",IF(AND(AE20=M20,ABS(N(AF20)-N(O20))<=0.01,ABS(N(AG20)-N(P20))<=0.01,ABS(N(AH20)-N(Q20))<=0.01),"Y","N")) | AM20: =IF(OR(AL20="",O20=""),"",IF(ABS(N(AL20)-N(O20))<=0.01,"Y","N")) | AN20: AI_DRAFT | AO20: =IFERROR(INDEX(studies!$L:$L,MATCH($C20,studies!$A:$A,0)),"") -> Y | AP20: =IF(AND(M20="REPORTED",V20=""),"출처 누락",IF(AND(M20="NOT_FOUND",AC20=""),"검색범위 누락",IF(F20="ARM",IF(OR(H20="",H20="NA"),"arm 누락","OK"),IF(F20="COMPARISON",IF(OR(I20="",I20="NA"),"비교쌍 누락",IF(OR(G20="",G20="NA"),"analysis_id 누락","OK")),IF(F20="","","OK"))))) -> OK | AQ20: 정의: 기저치 이후 1회 이상 ADA 양성(기저치 양성 여부 무관)
A21: G-SB17-017 | B21: P_SB17 | C21: ST_SB17_1001 | D21: ada_incidence | E21: =IFERROR(INDEX(field_dictionary!$B:$B,MATCH($D21,field_dictionary!$A:$A,0)),"") -> IMMUNO | F21: =IFERROR(INDEX(field_dictionary!$C:$C,MATCH($D21,field_dictionary!$A:$A,0)),"") -> ARM | G21: ADA_POSTDOSE_ANY | H21: US_RP | I21: NA | J21: SAFETY_SET | K21: Post-dose (Day 29/71/99) | L21: CORE | M21: REPORTED | N21: 23/67 (34.3%) | O21: 34.3 | R21: % | U21: ALL_SUBJECTS (N=67) | V21: SRC_EPAR_PYZ | W21: 50 | X21: Page 50/168 | Y21: Immunogenicity | Z21: TEXT | AA21: The overall incidence of subjects with positive post-dose ADA to ustekinumab was 18/67 (26.9%), 23/67 (34.3%), and 23/67 (34.3%) | AB21: p49 Table 9 'Post-dose' 행 (이미지) | AD21: PASS | AJ21: =IF(AE21="","",IF(AND(AE21=M21,ABS(N(AF21)-N(O21))<=0.01,ABS(N(AG21)-N(P21))<=0.01,ABS(N(AH21)-N(Q21))<=0.01),"Y","N")) | AM21: =IF(OR(AL21="",O21=""),"",IF(ABS(N(AL21)-N(O21))<=0.01,"Y","N")) | AN21: AI_DRAFT | AO21: =IFERROR(INDEX(studies!$L:$L,MATCH($C21,studies!$A:$A,0)),"") -> Y | AP21: =IF(AND(M21="REPORTED",V21=""),"출처 누락",IF(AND(M21="NOT_FOUND",AC21=""),"검색범위 누락",IF(F21="ARM",IF(OR(H21="",H21="NA"),"arm 누락","OK"),IF(F21="COMPARISON",IF(OR(I21="",I21="NA"),"비교쌍 누락",IF(OR(G21="",G21="NA"),"analysis_id 누락","OK")),IF(F21="","","OK"))))) -> OK | AQ21: 정의: 기저치 이후 1회 이상 ADA 양성(기저치 양성 여부 무관)
A22: G-SB17-018 | B22: P_SB17 | C22: ST_SB17_1001 | D22: nab_incidence | E22: =IFERROR(INDEX(field_dictionary!$B:$B,MATCH($D22,field_dictionary!$A:$A,0)),"") -> IMMUNO | F22: =IFERROR(INDEX(field_dictionary!$C:$C,MATCH($D22,field_dictionary!$A:$A,0)),"") -> ARM | G22: NAB_POSTDOSE_ANY | H22: TEST | I22: NA | J22: SAFETY_SET | K22: Post-dose overall | L22: CORE | M22: NOT_FOUND | V22: SRC_EPAR_PYZ | AC22: Pyzchiva EPAR 전체 텍스트 검색 + p49 Table 9(이미지) 확인: NAb는 시점별(Day 29/71/99)·ADA 양성자 분모로만 보고, 전체 기간 값 없음 | AD22: N/A | AJ22: =IF(AE22="","",IF(AND(AE22=M22,ABS(N(AF22)-N(O22))<=0.01,ABS(N(AG22)-N(P22))<=0.01,ABS(N(AH22)-N(Q22))<=0.01),"Y","N")) | AM22: =IF(OR(AL22="",O22=""),"",IF(ABS(N(AL22)-N(O22))<=0.01,"Y","N")) | AN22: AI_DRAFT | AO22: =IFERROR(INDEX(studies!$L:$L,MATCH($C22,studies!$A:$A,0)),"") -> Y | AP22: =IF(AND(M22="REPORTED",V22=""),"출처 누락",IF(AND(M22="NOT_FOUND",AC22=""),"검색범위 누락",IF(F22="ARM",IF(OR(H22="",H22="NA"),"arm 누락","OK"),IF(F22="COMPARISON",IF(OR(I22="",I22="NA"),"비교쌍 누락",IF(OR(G22="",G22="NA"),"analysis_id 누락","OK")),IF(F22="","","OK"))))) -> OK | AQ22: Day 99 시점 값은 EXTRA 행 참조
A23: G-SB17-019 | B23: P_SB17 | C23: ST_SB17_1001 | D23: nab_incidence | E23: =IFERROR(INDEX(field_dictionary!$B:$B,MATCH($D23,field_dictionary!$A:$A,0)),"") -> IMMUNO | F23: =IFERROR(INDEX(field_dictionary!$C:$C,MATCH($D23,field_dictionary!$A:$A,0)),"") -> ARM | G23: NAB_POSTDOSE_ANY | H23: EU_RP | I23: NA | J23: SAFETY_SET | K23: Post-dose overall | L23: CORE | M23: NOT_FOUND | V23: SRC_EPAR_PYZ | AC23: Pyzchiva EPAR 전체 텍스트 검색 + p49 Table 9(이미지) 확인: NAb는 시점별(Day 29/71/99)·ADA 양성자 분모로만 보고, 전체 기간 값 없음 | AD23: N/A | AJ23: =IF(AE23="","",IF(AND(AE23=M23,ABS(N(AF23)-N(O23))<=0.01,ABS(N(AG23)-N(P23))<=0.01,ABS(N(AH23)-N(Q23))<=0.01),"Y","N")) | AM23: =IF(OR(AL23="",O23=""),"",IF(ABS(N(AL23)-N(O23))<=0.01,"Y","N")) | AN23: AI_DRAFT | AO23: =IFERROR(INDEX(studies!$L:$L,MATCH($C23,studies!$A:$A,0)),"") -> Y | AP23: =IF(AND(M23="REPORTED",V23=""),"출처 누락",IF(AND(M23="NOT_FOUND",AC23=""),"검색범위 누락",IF(F23="ARM",IF(OR(H23="",H23="NA"),"arm 누락","OK"),IF(F23="COMPARISON",IF(OR(I23="",I23="NA"),"비교쌍 누락",IF(OR(G23="",G23="NA"),"analysis_id 누락","OK")),IF(F23="","","OK"))))) -> OK | AQ23: Day 99 시점 값은 EXTRA 행 참조
A24: G-SB17-020 | B24: P_SB17 | C24: ST_SB17_1001 | D24: nab_incidence | E24: =IFERROR(INDEX(field_dictionary!$B:$B,MATCH($D24,field_dictionary!$A:$A,0)),"") -> IMMUNO | F24: =IFERROR(INDEX(field_dictionary!$C:$C,MATCH($D24,field_dictionary!$A:$A,0)),"") -> ARM | G24: NAB_POSTDOSE_ANY | H24: US_RP | I24: NA | J24: SAFETY_SET | K24: Post-dose overall | L24: CORE | M24: NOT_FOUND | V24: SRC_EPAR_PYZ | AC24: Pyzchiva EPAR 전체 텍스트 검색 + p49 Table 9(이미지) 확인: NAb는 시점별(Day 29/71/99)·ADA 양성자 분모로만 보고, 전체 기간 값 없음 | AD24: N/A | AJ24: =IF(AE24="","",IF(AND(AE24=M24,ABS(N(AF24)-N(O24))<=0.01,ABS(N(AG24)-N(P24))<=0.01,ABS(N(AH24)-N(Q24))<=0.01),"Y","N")) | AM24: =IF(OR(AL24="",O24=""),"",IF(ABS(N(AL24)-N(O24))<=0.01,"Y","N")) | AN24: AI_DRAFT | AO24: =IFERROR(INDEX(studies!$L:$L,MATCH($C24,studies!$A:$A,0)),"") -> Y | AP24: =IF(AND(M24="REPORTED",V24=""),"출처 누락",IF(AND(M24="NOT_FOUND",AC24=""),"검색범위 누락",IF(F24="ARM",IF(OR(H24="",H24="NA"),"arm 누락","OK"),IF(F24="COMPARISON",IF(OR(I24="",I24="NA"),"비교쌍 누락",IF(OR(G24="",G24="NA"),"analysis_id 누락","OK")),IF(F24="","","OK"))))) -> OK | AQ24: Day 99 시점 값은 EXTRA 행 참조
A25: G-SB17-021 | B25: P_SB17 | C25: ST_SB17_1001 | D25: pk_gmr_auc_inf | E25: =IFERROR(INDEX(field_dictionary!$B:$B,MATCH($D25,field_dictionary!$A:$A,0)),"") -> PK | F25: =IFERROR(INDEX(field_dictionary!$C:$C,MATCH($D25,field_dictionary!$A:$A,0)),"") -> COMPARISON | G25: PRIMARY | H25: NA | I25: TEST_vs_EU_RP | J25: PK_SET | K25: Single dose | L25: CORE | M25: REPORTED | N25: 0.99 (90% CI 0.90; 1.08) | O25: 99 | P25: 90 | Q25: 108 | R25: % | S25: 62 | T25: 64 | V25: SRC_EPAR_PYZ | W25: 43 | X25: Page 43/168 | Y25: Table 4 | Z25: TEXT | AA25: 0.90; 1.08 | AB25: p45 Table 5 (이미지, 동일 값) | AD25: PASS | AJ25: =IF(AE25="","",IF(AND(AE25=M25,ABS(N(AF25)-N(O25))<=0.01,ABS(N(AG25)-N(P25))<=0.01,ABS(N(AH25)-N(Q25))<=0.01),"Y","N")) | AK25: PILOT_OBS | AL25: 99 | AM25: =IF(OR(AL25="",O25=""),"",IF(ABS(N(AL25)-N(O25))<=0.01,"Y","N")) -> Y | AN25: AI_DRAFT | AO25: =IFERROR(INDEX(studies!$L:$L,MATCH($C25,studies!$A:$A,0)),"") -> Y | AP25: =IF(AND(M25="REPORTED",V25=""),"출처 누락",IF(AND(M25="NOT_FOUND",AC25=""),"검색범위 누락",IF(F25="ARM",IF(OR(H25="",H25="NA"),"arm 누락","OK"),IF(F25="COMPARISON",IF(OR(I25="",I25="NA"),"비교쌍 누락",IF(OR(G25="",G25="NA"),"analysis_id 누락","OK")),IF(F25="","","OK"))))) -> OK | AQ25: 원문 scale=ratio. 1차 분석 = log 변환 ANOVA(p41)
A26: G-SB17-022 | B26: P_SB17 | C26: ST_SB17_1001 | D26: pk_gmr_auc_inf | E26: =IFERROR(INDEX(field_dictionary!$B:$B,MATCH($D26,field_dictionary!$A:$A,0)),"") -> PK | F26: =IFERROR(INDEX(field_dictionary!$C:$C,MATCH($D26,field_dictionary!$A:$A,0)),"") -> COMPARISON | G26: PRIMARY | H26: NA | I26: TEST_vs_US_RP | J26: PK_SET | K26: Single dose | L26: CORE | M26: NOT_FOUND | V26: SRC_EPAR_PYZ | AC26: p45 본문은 '90% CI가 기준 범위 안'이라고만 서술. 1차(ANOVA) 수치는 EPAR에 없음. 수치는 사후 ANCOVA(Table 7, p46)에만 있음 | AD26: N/A | AJ26: =IF(AE26="","",IF(AND(AE26=M26,ABS(N(AF26)-N(O26))<=0.01,ABS(N(AG26)-N(P26))<=0.01,ABS(N(AH26)-N(Q26))<=0.01),"Y","N")) | AM26: =IF(OR(AL26="",O26=""),"",IF(ABS(N(AL26)-N(O26))<=0.01,"Y","N")) | AN26: AI_DRAFT | AO26: =IFERROR(INDEX(studies!$L:$L,MATCH($C26,studies!$A:$A,0)),"") -> Y | AP26: =IF(AND(M26="REPORTED",V26=""),"출처 누락",IF(AND(M26="NOT_FOUND",AC26=""),"검색범위 누락",IF(F26="ARM",IF(OR(H26="",H26="NA"),"arm 누락","OK"),IF(F26="COMPARISON",IF(OR(I26="",I26="NA"),"비교쌍 누락",IF(OR(G26="",G26="NA"),"analysis_id 누락","OK")),IF(F26="","","OK"))))) -> OK | AQ26: 정성 결론은 pk_equiv_concluded 행에 기록
A27: G-SB17-023 | B27: P_SB17 | C27: ST_SB17_1001 | D27: pk_gmr_auc_inf | E27: =IFERROR(INDEX(field_dictionary!$B:$B,MATCH($D27,field_dictionary!$A:$A,0)),"") -> PK | F27: =IFERROR(INDEX(field_dictionary!$C:$C,MATCH($D27,field_dictionary!$A:$A,0)),"") -> COMPARISON | G27: PRIMARY | H27: NA | I27: EU_RP_vs_US_RP | J27: PK_SET | K27: Single dose | L27: CORE | M27: NOT_FOUND | V27: SRC_EPAR_PYZ | AC27: p45 본문은 '90% CI가 기준 범위 안'이라고만 서술. 1차(ANOVA) 수치는 EPAR에 없음. 수치는 사후 ANCOVA(Table 7, p46)에만 있음 | AD27: N/A | AJ27: =IF(AE27="","",IF(AND(AE27=M27,ABS(N(AF27)-N(O27))<=0.01,ABS(N(AG27)-N(P27))<=0.01,ABS(N(AH27)-N(Q27))<=0.01),"Y","N")) | AM27: =IF(OR(AL27="",O27=""),"",IF(ABS(N(AL27)-N(O27))<=0.01,"Y","N")) | AN27: AI_DRAFT | AO27: =IFERROR(INDEX(studies!$L:$L,MATCH($C27,studies!$A:$A,0)),"") -> Y | AP27: =IF(AND(M27="REPORTED",V27=""),"출처 누락",IF(AND(M27="NOT_FOUND",AC27=""),"검색범위 누락",IF(F27="ARM",IF(OR(H27="",H27="NA"),"arm 누락","OK"),IF(F27="COMPARISON",IF(OR(I27="",I27="NA"),"비교쌍 누락",IF(OR(G27="",G27="NA"),"analysis_id 누락","OK")),IF(F27="","","OK"))))) -> OK | AQ27: 정성 결론은 pk_equiv_concluded 행에 기록
A28: G-SB17-024 | B28: P_SB17 | C28: ST_SB17_1001 | D28: pk_gmr_cmax | E28: =IFERROR(INDEX(field_dictionary!$B:$B,MATCH($D28,field_dictionary!$A:$A,0)),"") -> PK | F28: =IFERROR(INDEX(field_dictionary!$C:$C,MATCH($D28,field_dictionary!$A:$A,0)),"") -> COMPARISON | G28: PRIMARY | H28: NA | I28: TEST_vs_EU_RP | J28: PK_SET | K28: Single dose | L28: CORE | M28: REPORTED | N28: 0.90 (90% CI 0.82; 0.98) | O28: 90 | P28: 82 | Q28: 98 | R28: % | S28: 62 | T28: 64 | V28: SRC_EPAR_PYZ | W28: 43 | X28: Page 43/168 | Y28: Table 4 | Z28: TEXT | AA28: 0.82; 0.98 | AB28: p45 Table 5 (이미지, 동일 값) | AD28: PASS | AJ28: =IF(AE28="","",IF(AND(AE28=M28,ABS(N(AF28)-N(O28))<=0.01,ABS(N(AG28)-N(P28))<=0.01,ABS(N(AH28)-N(Q28))<=0.01),"Y","N")) | AK28: PILOT_OBS | AL28: 90 | AM28: =IF(OR(AL28="",O28=""),"",IF(ABS(N(AL28)-N(O28))<=0.01,"Y","N")) -> Y | AN28: AI_DRAFT | AO28: =IFERROR(INDEX(studies!$L:$L,MATCH($C28,studies!$A:$A,0)),"") -> Y | AP28: =IF(AND(M28="REPORTED",V28=""),"출처 누락",IF(AND(M28="NOT_FOUND",AC28=""),"검색범위 누락",IF(F28="ARM",IF(OR(H28="",H28="NA"),"arm 누락","OK"),IF(F28="COMPARISON",IF(OR(I28="",I28="NA"),"비교쌍 누락",IF(OR(G28="",G28="NA"),"analysis_id 누락","OK")),IF(F28="","","OK"))))) -> OK | AQ28: 원문 scale=ratio. 1차 분석 = log 변환 ANOVA(p41)
A29: G-SB17-025 | B29: P_SB17 | C29: ST_SB17_1001 | D29: pk_gmr_cmax | E29: =IFERROR(INDEX(field_dictionary!$B:$B,MATCH($D29,field_dictionary!$A:$A,0)),"") -> PK | F29: =IFERROR(INDEX(field_dictionary!$C:$C,MATCH($D29,field_dictionary!$A:$A,0)),"") -> COMPARISON | G29: PRIMARY | H29: NA | I29: TEST_vs_US_RP | J29: PK_SET | K29: Single dose | L29: CORE | M29: NOT_FOUND | V29: SRC_EPAR_PYZ | AC29: p45 본문은 '90% CI가 기준 범위 안'이라고만 서술. 1차(ANOVA) 수치는 EPAR에 없음. 수치는 사후 ANCOVA(Table 7, p46)에만 있음 | AD29: N/A | AJ29: =IF(AE29="","",IF(AND(AE29=M29,ABS(N(AF29)-N(O29))<=0.01,ABS(N(AG29)-N(P29))<=0.01,ABS(N(AH29)-N(Q29))<=0.01),"Y","N")) | AM29: =IF(OR(AL29="",O29=""),"",IF(ABS(N(AL29)-N(O29))<=0.01,"Y","N")) | AN29: AI_DRAFT | AO29: =IFERROR(INDEX(studies!$L:$L,MATCH($C29,studies!$A:$A,0)),"") -> Y | AP29: =IF(AND(M29="REPORTED",V29=""),"출처 누락",IF(AND(M29="NOT_FOUND",AC29=""),"검색범위 누락",IF(F29="ARM",IF(OR(H29="",H29="NA"),"arm 누락","OK"),IF(F29="COMPARISON",IF(OR(I29="",I29="NA"),"비교쌍 누락",IF(OR(G29="",G29="NA"),"analysis_id 누락","OK")),IF(F29="","","OK"))))) -> OK | AQ29: 정성 결론은 pk_equiv_concluded 행에 기록
A30: G-SB17-026 | B30: P_SB17 | C30: ST_SB17_1001 | D30: pk_gmr_cmax | E30: =IFERROR(INDEX(field_dictionary!$B:$B,MATCH($D30,field_dictionary!$A:$A,0)),"") -> PK | F30: =IFERROR(INDEX(field_dictionary!$C:$C,MATCH($D30,field_dictionary!$A:$A,0)),"") -> COMPARISON | G30: PRIMARY | H30: NA | I30: EU_RP_vs_US_RP | J30: PK_SET | K30: Single dose | L30: CORE | M30: NOT_FOUND | V30: SRC_EPAR_PYZ | AC30: p45 본문은 '90% CI가 기준 범위 안'이라고만 서술. 1차(ANOVA) 수치는 EPAR에 없음. 수치는 사후 ANCOVA(Table 7, p46)에만 있음 | AD30: N/A | AJ30: =IF(AE30="","",IF(AND(AE30=M30,ABS(N(AF30)-N(O30))<=0.01,ABS(N(AG30)-N(P30))<=0.01,ABS(N(AH30)-N(Q30))<=0.01),"Y","N")) | AM30: =IF(OR(AL30="",O30=""),"",IF(ABS(N(AL30)-N(O30))<=0.01,"Y","N")) | AN30: AI_DRAFT | AO30: =IFERROR(INDEX(studies!$L:$L,MATCH($C30,studies!$A:$A,0)),"") -> Y | AP30: =IF(AND(M30="REPORTED",V30=""),"출처 누락",IF(AND(M30="NOT_FOUND",AC30=""),"검색범위 누락",IF(F30="ARM",IF(OR(H30="",H30="NA"),"arm 누락","OK"),IF(F30="COMPARISON",IF(OR(I30="",I30="NA"),"비교쌍 누락",IF(OR(G30="",G30="NA"),"analysis_id 누락","OK")),IF(F30="","","OK"))))) -> OK | AQ30: 정성 결론은 pk_equiv_concluded 행에 기록
A31: G-SB17-027 | B31: P_SB17 | C31: ST_SB17_1001 | D31: pk_gmr_auc_last | E31: =IFERROR(INDEX(field_dictionary!$B:$B,MATCH($D31,field_dictionary!$A:$A,0)),"") -> PK | F31: =IFERROR(INDEX(field_dictionary!$C:$C,MATCH($D31,field_dictionary!$A:$A,0)),"") -> COMPARISON | G31: PRIMARY | H31: NA | I31: TEST_vs_EU_RP | J31: PK_SET | K31: Single dose | L31: CORE | M31: NOT_FOUND | V31: SRC_EPAR_PYZ | AC31: AUClast는 p47 Table 8 기술통계(평균·SD)만 보고, 기하평균비 미보고 | AD31: N/A | AJ31: =IF(AE31="","",IF(AND(AE31=M31,ABS(N(AF31)-N(O31))<=0.01,ABS(N(AG31)-N(P31))<=0.01,ABS(N(AH31)-N(Q31))<=0.01),"Y","N")) | AM31: =IF(OR(AL31="",O31=""),"",IF(ABS(N(AL31)-N(O31))<=0.01,"Y","N")) | AN31: AI_DRAFT | AO31: =IFERROR(INDEX(studies!$L:$L,MATCH($C31,studies!$A:$A,0)),"") -> Y | AP31: =IF(AND(M31="REPORTED",V31=""),"출처 누락",IF(AND(M31="NOT_FOUND",AC31=""),"검색범위 누락",IF(F31="ARM",IF(OR(H31="",H31="NA"),"arm 누락","OK"),IF(F31="COMPARISON",IF(OR(I31="",I31="NA"),"비교쌍 누락",IF(OR(G31="",G31="NA"),"analysis_id 누락","OK")),IF(F31="","","OK"))))) -> OK
A32: G-SB17-028 | B32: P_SB17 | C32: ST_SB17_1001 | D32: pk_gmr_auc_last | E32: =IFERROR(INDEX(field_dictionary!$B:$B,MATCH($D32,field_dictionary!$A:$A,0)),"") -> PK | F32: =IFERROR(INDEX(field_dictionary!$C:$C,MATCH($D32,field_dictionary!$A:$A,0)),"") -> COMPARISON | G32: PRIMARY | H32: NA | I32: TEST_vs_US_RP | J32: PK_SET | K32: Single dose | L32: CORE | M32: NOT_FOUND | V32: SRC_EPAR_PYZ | AC32: AUClast는 p47 Table 8 기술통계(평균·SD)만 보고, 기하평균비 미보고 | AD32: N/A | AJ32: =IF(AE32="","",IF(AND(AE32=M32,ABS(N(AF32)-N(O32))<=0.01,ABS(N(AG32)-N(P32))<=0.01,ABS(N(AH32)-N(Q32))<=0.01),"Y","N")) | AM32: =IF(OR(AL32="",O32=""),"",IF(ABS(N(AL32)-N(O32))<=0.01,"Y","N")) | AN32: AI_DRAFT | AO32: =IFERROR(INDEX(studies!$L:$L,MATCH($C32,studies!$A:$A,0)),"") -> Y | AP32: =IF(AND(M32="REPORTED",V32=""),"출처 누락",IF(AND(M32="NOT_FOUND",AC32=""),"검색범위 누락",IF(F32="ARM",IF(OR(H32="",H32="NA"),"arm 누락","OK"),IF(F32="COMPARISON",IF(OR(I32="",I32="NA"),"비교쌍 누락",IF(OR(G32="",G32="NA"),"analysis_id 누락","OK")),IF(F32="","","OK"))))) -> OK
A33: G-SB17-029 | B33: P_SB17 | C33: ST_SB17_1001 | D33: pk_gmr_auc_last | E33: =IFERROR(INDEX(field_dictionary!$B:$B,MATCH($D33,field_dictionary!$A:$A,0)),"") -> PK | F33: =IFERROR(INDEX(field_dictionary!$C:$C,MATCH($D33,field_dictionary!$A:$A,0)),"") -> COMPARISON | G33: PRIMARY | H33: NA | I33: EU_RP_vs_US_RP | J33: PK_SET | K33: Single dose | L33: CORE | M33: NOT_FOUND | V33: SRC_EPAR_PYZ | AC33: AUClast는 p47 Table 8 기술통계(평균·SD)만 보고, 기하평균비 미보고 | AD33: N/A | AJ33: =IF(AE33="","",IF(AND(AE33=M33,ABS(N(AF33)-N(O33))<=0.01,ABS(N(AG33)-N(P33))<=0.01,ABS(N(AH33)-N(Q33))<=0.01),"Y","N")) | AM33: =IF(OR(AL33="",O33=""),"",IF(ABS(N(AL33)-N(O33))<=0.01,"Y","N")) | AN33: AI_DRAFT | AO33: =IFERROR(INDEX(studies!$L:$L,MATCH($C33,studies!$A:$A,0)),"") -> Y | AP33: =IF(AND(M33="REPORTED",V33=""),"출처 누락",IF(AND(M33="NOT_FOUND",AC33=""),"검색범위 누락",IF(F33="ARM",IF(OR(H33="",H33="NA"),"arm 누락","OK"),IF(F33="COMPARISON",IF(OR(I33="",I33="NA"),"비교쌍 누락",IF(OR(G33="",G33="NA"),"analysis_id 누락","OK")),IF(F33="","","OK"))))) -> OK
A34: G-SB17-030 | B34: P_SB17 | C34: ST_SB17_1001 | D34: pk_equiv_concluded | E34: =IFERROR(INDEX(field_dictionary!$B:$B,MATCH($D34,field_dictionary!$A:$A,0)),"") -> PK | F34: =IFERROR(INDEX(field_dictionary!$C:$C,MATCH($D34,field_dictionary!$A:$A,0)),"") -> COMPARISON | G34: PRIMARY | H34: NA | I34: TEST_vs_EU_RP | J34: PK_SET | L34: CORE | M34: REPORTED | N34: Y | V34: SRC_EPAR_PYZ | W34: 45 | X34: Page 45/168 | Y34: Table 5 아래 본문 | Z34: TEXT | AA34: These values for the 90% CIs were within the predefined equivalence margin of 0.8 to 1.25 | AD34: PASS | AJ34: =IF(AE34="","",IF(AND(AE34=M34,ABS(N(AF34)-N(O34))<=0.01,ABS(N(AG34)-N(P34))<=0.01,ABS(N(AH34)-N(Q34))<=0.01),"Y","N")) | AM34: =IF(OR(AL34="",O34=""),"",IF(ABS(N(AL34)-N(O34))<=0.01,"Y","N")) | AN34: AI_DRAFT | AO34: =IFERROR(INDEX(studies!$L:$L,MATCH($C34,studies!$A:$A,0)),"") -> Y | AP34: =IF(AND(M34="REPORTED",V34=""),"출처 누락",IF(AND(M34="NOT_FOUND",AC34=""),"검색범위 누락",IF(F34="ARM",IF(OR(H34="",H34="NA"),"arm 누락","OK"),IF(F34="COMPARISON",IF(OR(I34="",I34="NA"),"비교쌍 누락",IF(OR(G34="",G34="NA"),"analysis_id 누락","OK")),IF(F34="","","OK"))))) -> OK | AQ34: Cmax CI가 1을 포함하지 않아 사후 ANCOVA 수행(p45)
A35: G-SB17-031 | B35: P_SB17 | C35: ST_SB17_1001 | D35: pk_equiv_concluded | E35: =IFERROR(INDEX(field_dictionary!$B:$B,MATCH($D35,field_dictionary!$A:$A,0)),"") -> PK | F35: =IFERROR(INDEX(field_dictionary!$C:$C,MATCH($D35,field_dictionary!$A:$A,0)),"") -> COMPARISON | G35: PRIMARY | H35: NA | I35: TEST_vs_US_RP | J35: PK_SET | L35: CORE | M35: REPORTED | N35: Y | V35: SRC_EPAR_PYZ | W35: 45 | X35: Page 45/168 | Y35: Table 5 아래 본문 | Z35: TEXT | AA35: Therefore, the PK profiles between Pyzchiva and US Stelara and between EU Stelara and US Stelara were equivalent. | AD35: PASS | AJ35: =IF(AE35="","",IF(AND(AE35=M35,ABS(N(AF35)-N(O35))<=0.01,ABS(N(AG35)-N(P35))<=0.01,ABS(N(AH35)-N(Q35))<=0.01),"Y","N")) | AM35: =IF(OR(AL35="",O35=""),"",IF(ABS(N(AL35)-N(O35))<=0.01,"Y","N")) | AN35: AI_DRAFT | AO35: =IFERROR(INDEX(studies!$L:$L,MATCH($C35,studies!$A:$A,0)),"") -> Y | AP35: =IF(AND(M35="REPORTED",V35=""),"출처 누락",IF(AND(M35="NOT_FOUND",AC35=""),"검색범위 누락",IF(F35="ARM",IF(OR(H35="",H35="NA"),"arm 누락","OK"),IF(F35="COMPARISON",IF(OR(I35="",I35="NA"),"비교쌍 누락",IF(OR(G35="",G35="NA"),"analysis_id 누락","OK")),IF(F35="","","OK"))))) -> OK
A36: G-SB17-032 | B36: P_SB17 | C36: ST_SB17_1001 | D36: pk_equiv_concluded | E36: =IFERROR(INDEX(field_dictionary!$B:$B,MATCH($D36,field_dictionary!$A:$A,0)),"") -> PK | F36: =IFERROR(INDEX(field_dictionary!$C:$C,MATCH($D36,field_dictionary!$A:$A,0)),"") -> COMPARISON | G36: PRIMARY | H36: NA | I36: EU_RP_vs_US_RP | J36: PK_SET | L36: CORE | M36: REPORTED | N36: Y | V36: SRC_EPAR_PYZ | W36: 45 | X36: Page 45/168 | Y36: Table 5 아래 본문 | Z36: TEXT | AA36: Therefore, the PK profiles between Pyzchiva and US Stelara and between EU Stelara and US Stelara were equivalent. | AD36: PASS | AJ36: =IF(AE36="","",IF(AND(AE36=M36,ABS(N(AF36)-N(O36))<=0.01,ABS(N(AG36)-N(P36))<=0.01,ABS(N(AH36)-N(Q36))<=0.01),"Y","N")) | AM36: =IF(OR(AL36="",O36=""),"",IF(ABS(N(AL36)-N(O36))<=0.01,"Y","N")) | AN36: AI_DRAFT | AO36: =IFERROR(INDEX(studies!$L:$L,MATCH($C36,studies!$A:$A,0)),"") -> Y | AP36: =IF(AND(M36="REPORTED",V36=""),"출처 누락",IF(AND(M36="NOT_FOUND",AC36=""),"검색범위 누락",IF(F36="ARM",IF(OR(H36="",H36="NA"),"arm 누락","OK"),IF(F36="COMPARISON",IF(OR(I36="",I36="NA"),"비교쌍 누락",IF(OR(G36="",G36="NA"),"analysis_id 누락","OK")),IF(F36="","","OK"))))) -> OK
A37: G-SB17-033 | B37: P_SB17 | C37: ST_SB17_1001 | D37: pk_gmr_auc_inf | E37: =IFERROR(INDEX(field_dictionary!$B:$B,MATCH($D37,field_dictionary!$A:$A,0)),"") -> PK | F37: =IFERROR(INDEX(field_dictionary!$C:$C,MATCH($D37,field_dictionary!$A:$A,0)),"") -> COMPARISON | G37: ADHOC_ANCOVA_WT | H37: NA | I37: TEST_vs_EU_RP | J37: PK_SET | K37: Single dose | L37: EXTRA | M37: REPORTED | N37: 1.01 (0.92, 1.11) | O37: 101 | P37: 92 | Q37: 111 | R37: % | S37: 62 | T37: 64 | V37: SRC_EPAR_PYZ | W37: 48 | X37: Page 48/168 | Y37: Table 8 아래 본문 | Z37: TEXT | AA37: The geometric LSMean ratios (90% CI) between Pyzchiva and EU Stelara for AUCinf and Cmax were 1.01 (0.92 to 1.11) and 0.93 (0.85 to 1.02) | AB37: p46 Table 7 (이미지) | AD37: PASS | AJ37: =IF(AE37="","",IF(AND(AE37=M37,ABS(N(AF37)-N(O37))<=0.01,ABS(N(AG37)-N(P37))<=0.01,ABS(N(AH37)-N(Q37))<=0.01),"Y","N")) | AM37: =IF(OR(AL37="",O37=""),"",IF(ABS(N(AL37)-N(O37))<=0.01,"Y","N")) | AN37: AI_DRAFT | AO37: =IFERROR(INDEX(studies!$L:$L,MATCH($C37,studies!$A:$A,0)),"") -> Y | AP37: =IF(AND(M37="REPORTED",V37=""),"출처 누락",IF(AND(M37="NOT_FOUND",AC37=""),"검색범위 누락",IF(F37="ARM",IF(OR(H37="",H37="NA"),"arm 누락","OK"),IF(F37="COMPARISON",IF(OR(I37="",I37="NA"),"비교쌍 누락",IF(OR(G37="",G37="NA"),"analysis_id 누락","OK")),IF(F37="","","OK"))))) -> OK | AQ37: 사후 분석. 1차 분석 값과 혼동 금지 (분석 함정 사례)
A38: G-SB17-034 | B38: P_SB17 | C38: ST_SB17_1001 | D38: pk_gmr_cmax | E38: =IFERROR(INDEX(field_dictionary!$B:$B,MATCH($D38,field_dictionary!$A:$A,0)),"") -> PK | F38: =IFERROR(INDEX(field_dictionary!$C:$C,MATCH($D38,field_dictionary!$A:$A,0)),"") -> COMPARISON | G38: ADHOC_ANCOVA_WT | H38: NA | I38: TEST_vs_EU_RP | J38: PK_SET | K38: Single dose | L38: EXTRA | M38: REPORTED | N38: 0.93 (0.85, 1.02) | O38: 93 | P38: 85 | Q38: 102 | R38: % | S38: 62 | T38: 64 | V38: SRC_EPAR_PYZ | W38: 48 | X38: Page 48/168 | Y38: Table 8 아래 본문 | Z38: TEXT | AA38: The geometric LSMean ratios (90% CI) between Pyzchiva and EU Stelara for AUCinf and Cmax were 1.01 (0.92 to 1.11) and 0.93 (0.85 to 1.02) | AB38: p46 Table 7 (이미지) | AD38: PASS | AJ38: =IF(AE38="","",IF(AND(AE38=M38,ABS(N(AF38)-N(O38))<=0.01,ABS(N(AG38)-N(P38))<=0.01,ABS(N(AH38)-N(Q38))<=0.01),"Y","N")) | AM38: =IF(OR(AL38="",O38=""),"",IF(ABS(N(AL38)-N(O38))<=0.01,"Y","N")) | AN38: AI_DRAFT | AO38: =IFERROR(INDEX(studies!$L:$L,MATCH($C38,studies!$A:$A,0)),"") -> Y | AP38: =IF(AND(M38="REPORTED",V38=""),"출처 누락",IF(AND(M38="NOT_FOUND",AC38=""),"검색범위 누락",IF(F38="ARM",IF(OR(H38="",H38="NA"),"arm 누락","OK"),IF(F38="COMPARISON",IF(OR(I38="",I38="NA"),"비교쌍 누락",IF(OR(G38="",G38="NA"),"analysis_id 누락","OK")),IF(F38="","","OK"))))) -> OK | AQ38: 사후 분석. 1차 분석 값과 혼동 금지 (분석 함정 사례)
A39: G-SB17-035 | B39: P_SB17 | C39: ST_SB17_1001 | D39: pk_gmr_auc_inf | E39: =IFERROR(INDEX(field_dictionary!$B:$B,MATCH($D39,field_dictionary!$A:$A,0)),"") -> PK | F39: =IFERROR(INDEX(field_dictionary!$C:$C,MATCH($D39,field_dictionary!$A:$A,0)),"") -> COMPARISON | G39: ADHOC_ANCOVA_WT | H39: NA | I39: TEST_vs_US_RP | J39: PK_SET | K39: Single dose | L39: EXTRA | M39: REPORTED | N39: 1.02 (0.94, 1.12) | O39: 102 | P39: 94 | Q39: 112 | R39: % | S39: 62 | T39: 60 | V39: SRC_EPAR_PYZ | W39: 46 | X39: Page 46/168 | Y39: Table 7 (ad-hoc ANCOVA, 체중 공변량) | Z39: IMAGE | AD39: IMAGE(시각 확인) | AJ39: =IF(AE39="","",IF(AND(AE39=M39,ABS(N(AF39)-N(O39))<=0.01,ABS(N(AG39)-N(P39))<=0.01,ABS(N(AH39)-N(Q39))<=0.01),"Y","N")) | AM39: =IF(OR(AL39="",O39=""),"",IF(ABS(N(AL39)-N(O39))<=0.01,"Y","N")) | AN39: AI_DRAFT | AO39: =IFERROR(INDEX(studies!$L:$L,MATCH($C39,studies!$A:$A,0)),"") -> Y | AP39: =IF(AND(M39="REPORTED",V39=""),"출처 누락",IF(AND(M39="NOT_FOUND",AC39=""),"검색범위 누락",IF(F39="ARM",IF(OR(H39="",H39="NA"),"arm 누락","OK"),IF(F39="COMPARISON",IF(OR(I39="",I39="NA"),"비교쌍 누락",IF(OR(G39="",G39="NA"),"analysis_id 누락","OK")),IF(F39="","","OK"))))) -> OK | AQ39: 사후 분석. 1차 분석 값과 혼동 금지 (분석 함정 사례)
A40: G-SB17-036 | B40: P_SB17 | C40: ST_SB17_1001 | D40: pk_gmr_cmax | E40: =IFERROR(INDEX(field_dictionary!$B:$B,MATCH($D40,field_dictionary!$A:$A,0)),"") -> PK | F40: =IFERROR(INDEX(field_dictionary!$C:$C,MATCH($D40,field_dictionary!$A:$A,0)),"") -> COMPARISON | G40: ADHOC_ANCOVA_WT | H40: NA | I40: TEST_vs_US_RP | J40: PK_SET | K40: Single dose | L40: EXTRA | M40: REPORTED | N40: 0.96 (0.88, 1.05) | O40: 96 | P40: 88 | Q40: 105 | R40: % | S40: 62 | T40: 60 | V40: SRC_EPAR_PYZ | W40: 46 | X40: Page 46/168 | Y40: Table 7 (ad-hoc ANCOVA, 체중 공변량) | Z40: IMAGE | AD40: IMAGE(시각 확인) | AJ40: =IF(AE40="","",IF(AND(AE40=M40,ABS(N(AF40)-N(O40))<=0.01,ABS(N(AG40)-N(P40))<=0.01,ABS(N(AH40)-N(Q40))<=0.01),"Y","N")) | AM40: =IF(OR(AL40="",O40=""),"",IF(ABS(N(AL40)-N(O40))<=0.01,"Y","N")) | AN40: AI_DRAFT | AO40: =IFERROR(INDEX(studies!$L:$L,MATCH($C40,studies!$A:$A,0)),"") -> Y | AP40: =IF(AND(M40="REPORTED",V40=""),"출처 누락",IF(AND(M40="NOT_FOUND",AC40=""),"검색범위 누락",IF(F40="ARM",IF(OR(H40="",H40="NA"),"arm 누락","OK"),IF(F40="COMPARISON",IF(OR(I40="",I40="NA"),"비교쌍 누락",IF(OR(G40="",G40="NA"),"analysis_id 누락","OK")),IF(F40="","","OK"))))) -> OK | AQ40: 사후 분석. 1차 분석 값과 혼동 금지 (분석 함정 사례)
A41: G-SB17-037 | B41: P_SB17 | C41: ST_SB17_1001 | D41: pk_gmr_auc_inf | E41: =IFERROR(INDEX(field_dictionary!$B:$B,MATCH($D41,field_dictionary!$A:$A,0)),"") -> PK | F41: =IFERROR(INDEX(field_dictionary!$C:$C,MATCH($D41,field_dictionary!$A:$A,0)),"") -> COMPARISON | G41: ADHOC_ANCOVA_WT | H41: NA | I41: EU_RP_vs_US_RP | J41: PK_SET | K41: Single dose | L41: EXTRA | M41: REPORTED | N41: 1.00 (0.92, 1.10) | O41: 100 | P41: 92 | Q41: 110 | R41: % | S41: 64 | T41: 60 | V41: SRC_EPAR_PYZ | W41: 46 | X41: Page 46/168 | Y41: Table 7 (ad-hoc ANCOVA, 체중 공변량) | Z41: IMAGE | AD41: IMAGE(시각 확인) | AJ41: =IF(AE41="","",IF(AND(AE41=M41,ABS(N(AF41)-N(O41))<=0.01,ABS(N(AG41)-N(P41))<=0.01,ABS(N(AH41)-N(Q41))<=0.01),"Y","N")) | AM41: =IF(OR(AL41="",O41=""),"",IF(ABS(N(AL41)-N(O41))<=0.01,"Y","N")) | AN41: AI_DRAFT | AO41: =IFERROR(INDEX(studies!$L:$L,MATCH($C41,studies!$A:$A,0)),"") -> Y | AP41: =IF(AND(M41="REPORTED",V41=""),"출처 누락",IF(AND(M41="NOT_FOUND",AC41=""),"검색범위 누락",IF(F41="ARM",IF(OR(H41="",H41="NA"),"arm 누락","OK"),IF(F41="COMPARISON",IF(OR(I41="",I41="NA"),"비교쌍 누락",IF(OR(G41="",G41="NA"),"analysis_id 누락","OK")),IF(F41="","","OK"))))) -> OK | AQ41: 사후 분석. 1차 분석 값과 혼동 금지 (분석 함정 사례)
A42: G-SB17-038 | B42: P_SB17 | C42: ST_SB17_1001 | D42: pk_gmr_cmax | E42: =IFERROR(INDEX(field_dictionary!$B:$B,MATCH($D42,field_dictionary!$A:$A,0)),"") -> PK | F42: =IFERROR(INDEX(field_dictionary!$C:$C,MATCH($D42,field_dictionary!$A:$A,0)),"") -> COMPARISON | G42: ADHOC_ANCOVA_WT | H42: NA | I42: EU_RP_vs_US_RP | J42: PK_SET | K42: Single dose | L42: EXTRA | M42: REPORTED | N42: 1.02 (0.94, 1.12) | O42: 102 | P42: 94 | Q42: 112 | R42: % | S42: 64 | T42: 60 | V42: SRC_EPAR_PYZ | W42: 46 | X42: Page 46/168 | Y42: Table 7 (ad-hoc ANCOVA, 체중 공변량) | Z42: IMAGE | AD42: IMAGE(시각 확인) | AJ42: =IF(AE42="","",IF(AND(AE42=M42,ABS(N(AF42)-N(O42))<=0.01,ABS(N(AG42)-N(P42))<=0.01,ABS(N(AH42)-N(Q42))<=0.01),"Y","N")) | AM42: =IF(OR(AL42="",O42=""),"",IF(ABS(N(AL42)-N(O42))<=0.01,"Y","N")) | AN42: AI_DRAFT | AO42: =IFERROR(INDEX(studies!$L:$L,MATCH($C42,studies!$A:$A,0)),"") -> Y | AP42: =IF(AND(M42="REPORTED",V42=""),"출처 누락",IF(AND(M42="NOT_FOUND",AC42=""),"검색범위 누락",IF(F42="ARM",IF(OR(H42="",H42="NA"),"arm 누락","OK"),IF(F42="COMPARISON",IF(OR(I42="",I42="NA"),"비교쌍 누락",IF(OR(G42="",G42="NA"),"analysis_id 누락","OK")),IF(F42="","","OK"))))) -> OK | AQ42: 사후 분석. 1차 분석 값과 혼동 금지 (분석 함정 사례)
A43: G-SB17-039 | B43: P_SB17 | C43: ST_SB17_1001 | D43: nab_incidence | E43: =IFERROR(INDEX(field_dictionary!$B:$B,MATCH($D43,field_dictionary!$A:$A,0)),"") -> IMMUNO | F43: =IFERROR(INDEX(field_dictionary!$C:$C,MATCH($D43,field_dictionary!$A:$A,0)),"") -> ARM | G43: NAB_AT_TIMEPOINT | H43: TEST | I43: NA | J43: SAFETY_SET | K43: Day 99 | L43: EXTRA | M43: REPORTED | N43: 5/14 (35.7%) | O43: 35.7 | R43: % | U43: ADA_POSITIVE (해당 시점 ADA 양성자) | V43: SRC_EPAR_PYZ | W43: 50 | X43: Page 50/168 | Y43: Immunogenicity | Z43: TEXT | AA43: The incidence of subject with NAb at Day 99 was 5/14 (35.7%), 12/19 (63.2%), and 11/19 (57.9%) | AB43: p49 Table 9 (이미지) | AD43: PASS | AJ43: =IF(AE43="","",IF(AND(AE43=M43,ABS(N(AF43)-N(O43))<=0.01,ABS(N(AG43)-N(P43))<=0.01,ABS(N(AH43)-N(Q43))<=0.01),"Y","N")) | AM43: =IF(OR(AL43="",O43=""),"",IF(ABS(N(AL43)-N(O43))<=0.01,"Y","N")) | AN43: AI_DRAFT | AO43: =IFERROR(INDEX(studies!$L:$L,MATCH($C43,studies!$A:$A,0)),"") -> Y | AP43: =IF(AND(M43="REPORTED",V43=""),"출처 누락",IF(AND(M43="NOT_FOUND",AC43=""),"검색범위 누락",IF(F43="ARM",IF(OR(H43="",H43="NA"),"arm 누락","OK"),IF(F43="COMPARISON",IF(OR(I43="",I43="NA"),"비교쌍 누락",IF(OR(G43="",G43="NA"),"analysis_id 누락","OK")),IF(F43="","","OK"))))) -> OK | AQ43: 분모가 ADA 양성자 → 다른 제품의 '전체 대상자 분모' NAb와 직접 비교 불가
A44: G-SB17-040 | B44: P_SB17 | C44: ST_SB17_1001 | D44: nab_incidence | E44: =IFERROR(INDEX(field_dictionary!$B:$B,MATCH($D44,field_dictionary!$A:$A,0)),"") -> IMMUNO | F44: =IFERROR(INDEX(field_dictionary!$C:$C,MATCH($D44,field_dictionary!$A:$A,0)),"") -> ARM | G44: NAB_AT_TIMEPOINT | H44: EU_RP | I44: NA | J44: SAFETY_SET | K44: Day 99 | L44: EXTRA | M44: REPORTED | N44: 12/19 (63.2%) | O44: 63.2 | R44: % | U44: ADA_POSITIVE (해당 시점 ADA 양성자) | V44: SRC_EPAR_PYZ | W44: 50 | X44: Page 50/168 | Y44: Immunogenicity | Z44: TEXT | AA44: The incidence of subject with NAb at Day 99 was 5/14 (35.7%), 12/19 (63.2%), and 11/19 (57.9%) | AB44: p49 Table 9 (이미지) | AD44: PASS | AJ44: =IF(AE44="","",IF(AND(AE44=M44,ABS(N(AF44)-N(O44))<=0.01,ABS(N(AG44)-N(P44))<=0.01,ABS(N(AH44)-N(Q44))<=0.01),"Y","N")) | AM44: =IF(OR(AL44="",O44=""),"",IF(ABS(N(AL44)-N(O44))<=0.01,"Y","N")) | AN44: AI_DRAFT | AO44: =IFERROR(INDEX(studies!$L:$L,MATCH($C44,studies!$A:$A,0)),"") -> Y | AP44: =IF(AND(M44="REPORTED",V44=""),"출처 누락",IF(AND(M44="NOT_FOUND",AC44=""),"검색범위 누락",IF(F44="ARM",IF(OR(H44="",H44="NA"),"arm 누락","OK"),IF(F44="COMPARISON",IF(OR(I44="",I44="NA"),"비교쌍 누락",IF(OR(G44="",G44="NA"),"analysis_id 누락","OK")),IF(F44="","","OK"))))) -> OK | AQ44: 분모가 ADA 양성자 → 다른 제품의 '전체 대상자 분모' NAb와 직접 비교 불가
A45: G-SB17-041 | B45: P_SB17 | C45: ST_SB17_1001 | D45: nab_incidence | E45: =IFERROR(INDEX(field_dictionary!$B:$B,MATCH($D45,field_dictionary!$A:$A,0)),"") -> IMMUNO | F45: =IFERROR(INDEX(field_dictionary!$C:$C,MATCH($D45,field_dictionary!$A:$A,0)),"") -> ARM | G45: NAB_AT_TIMEPOINT | H45: US_RP | I45: NA | J45: SAFETY_SET | K45: Day 99 | L45: EXTRA | M45: REPORTED | N45: 11/19 (57.9%) | O45: 57.9 | R45: % | U45: ADA_POSITIVE (해당 시점 ADA 양성자) | V45: SRC_EPAR_PYZ | W45: 50 | X45: Page 50/168 | Y45: Immunogenicity | Z45: TEXT | AA45: The incidence of subject with NAb at Day 99 was 5/14 (35.7%), 12/19 (63.2%), and 11/19 (57.9%) | AB45: p49 Table 9 (이미지) | AD45: PASS | AJ45: =IF(AE45="","",IF(AND(AE45=M45,ABS(N(AF45)-N(O45))<=0.01,ABS(N(AG45)-N(P45))<=0.01,ABS(N(AH45)-N(Q45))<=0.01),"Y","N")) | AM45: =IF(OR(AL45="",O45=""),"",IF(ABS(N(AL45)-N(O45))<=0.01,"Y","N")) | AN45: AI_DRAFT | AO45: =IFERROR(INDEX(studies!$L:$L,MATCH($C45,studies!$A:$A,0)),"") -> Y | AP45: =IF(AND(M45="REPORTED",V45=""),"출처 누락",IF(AND(M45="NOT_FOUND",AC45=""),"검색범위 누락",IF(F45="ARM",IF(OR(H45="",H45="NA"),"arm 누락","OK"),IF(F45="COMPARISON",IF(OR(I45="",I45="NA"),"비교쌍 누락",IF(OR(G45="",G45="NA"),"analysis_id 누락","OK")),IF(F45="","","OK"))))) -> OK | AQ45: 분모가 ADA 양성자 → 다른 제품의 '전체 대상자 분모' NAb와 직접 비교 불가
A46: G-ABP-001 | B46: P_ABP654 | C46: ST_ABP_20190230 | D46: design_phase | E46: =IFERROR(INDEX(field_dictionary!$B:$B,MATCH($D46,field_dictionary!$A:$A,0)),"") -> DESIGN | F46: =IFERROR(INDEX(field_dictionary!$C:$C,MATCH($D46,field_dictionary!$A:$A,0)),"") -> STUDY | G46: NA | H46: NA | I46: NA | J46: NA | L46: CORE | M46: REPORTED | N46: phase 1 | O46: 1 | V46: SRC_EPAR_WEZ | W46: 42 | X46: Page 42/117 | Y46: PK similarity study (20190230) | Z46: TEXT | AA46: The study was a phase 1, randomised, double-blind, single-dose, 3-arm, parallel-group study in healthy subjects. | AD46: PASS | AJ46: =IF(AE46="","",IF(AND(AE46=M46,ABS(N(AF46)-N(O46))<=0.01,ABS(N(AG46)-N(P46))<=0.01,ABS(N(AH46)-N(Q46))<=0.01),"Y","N")) | AM46: =IF(OR(AL46="",O46=""),"",IF(ABS(N(AL46)-N(O46))<=0.01,"Y","N")) | AN46: AI_DRAFT | AO46: =IFERROR(INDEX(studies!$L:$L,MATCH($C46,studies!$A:$A,0)),"") -> Y | AP46: =IF(AND(M46="REPORTED",V46=""),"출처 누락",IF(AND(M46="NOT_FOUND",AC46=""),"검색범위 누락",IF(F46="ARM",IF(OR(H46="",H46="NA"),"arm 누락","OK"),IF(F46="COMPARISON",IF(OR(I46="",I46="NA"),"비교쌍 누락",IF(OR(G46="",G46="NA"),"analysis_id 누락","OK")),IF(F46="","","OK"))))) -> OK
A47: G-ABP-002 | B47: P_ABP654 | C47: ST_ABP_20190230 | D47: design_population | E47: =IFERROR(INDEX(field_dictionary!$B:$B,MATCH($D47,field_dictionary!$A:$A,0)),"") -> DESIGN | F47: =IFERROR(INDEX(field_dictionary!$C:$C,MATCH($D47,field_dictionary!$A:$A,0)),"") -> STUDY | G47: NA | H47: NA | I47: NA | J47: NA | L47: CORE | M47: REPORTED | N47: Healthy subjects, 18 to 45 years of age; body weight ≥ 50 kg and ≤ 90 kg; BMI 18.0–30.0 kg/m2 (non-Japanese), 18.0–25.0 kg/m2 (Japanese) | V47: SRC_EPAR_WEZ | W47: 41 | X47: Page 41/117 | Y47: Tabular overview of clinical studies | Z47: IMAGE | AD47: IMAGE(시각 확인) | AJ47: =IF(AE47="","",IF(AND(AE47=M47,ABS(N(AF47)-N(O47))<=0.01,ABS(N(AG47)-N(P47))<=0.01,ABS(N(AH47)-N(Q47))<=0.01),"Y","N")) | AM47: =IF(OR(AL47="",O47=""),"",IF(ABS(N(AL47)-N(O47))<=0.01,"Y","N")) | AN47: AI_DRAFT | AO47: =IFERROR(INDEX(studies!$L:$L,MATCH($C47,studies!$A:$A,0)),"") -> Y | AP47: =IF(AND(M47="REPORTED",V47=""),"출처 누락",IF(AND(M47="NOT_FOUND",AC47=""),"검색범위 누락",IF(F47="ARM",IF(OR(H47="",H47="NA"),"arm 누락","OK"),IF(F47="COMPARISON",IF(OR(I47="",I47="NA"),"비교쌍 누락",IF(OR(G47="",G47="NA"),"analysis_id 누락","OK")),IF(F47="","","OK"))))) -> OK | AQ47: 연령·체중 조건은 개요표(이미지)에만 있음. p42 본문은 'healthy subjects'만 기재
A48: G-ABP-003 | B48: P_ABP654 | C48: ST_ABP_20190230 | D48: design_type | E48: =IFERROR(INDEX(field_dictionary!$B:$B,MATCH($D48,field_dictionary!$A:$A,0)),"") -> DESIGN | F48: =IFERROR(INDEX(field_dictionary!$C:$C,MATCH($D48,field_dictionary!$A:$A,0)),"") -> STUDY | G48: NA | H48: NA | I48: NA | J48: NA | L48: CORE | M48: REPORTED | N48: randomised, double-blind, single-dose, 3-arm, parallel-group | V48: SRC_EPAR_WEZ | W48: 42 | X48: Page 42/117 | Y48: PK similarity study (20190230) | Z48: TEXT | AA48: The study was a phase 1, randomised, double-blind, single-dose, 3-arm, parallel-group study in healthy subjects. | AD48: PASS | AJ48: =IF(AE48="","",IF(AND(AE48=M48,ABS(N(AF48)-N(O48))<=0.01,ABS(N(AG48)-N(P48))<=0.01,ABS(N(AH48)-N(Q48))<=0.01),"Y","N")) | AM48: =IF(OR(AL48="",O48=""),"",IF(ABS(N(AL48)-N(O48))<=0.01,"Y","N")) | AN48: AI_DRAFT | AO48: =IFERROR(INDEX(studies!$L:$L,MATCH($C48,studies!$A:$A,0)),"") -> Y | AP48: =IF(AND(M48="REPORTED",V48=""),"출처 누락",IF(AND(M48="NOT_FOUND",AC48=""),"검색범위 누락",IF(F48="ARM",IF(OR(H48="",H48="NA"),"arm 누락","OK"),IF(F48="COMPARISON",IF(OR(I48="",I48="NA"),"비교쌍 누락",IF(OR(G48="",G48="NA"),"analysis_id 누락","OK")),IF(F48="","","OK"))))) -> OK
A49: G-ABP-004 | B49: P_ABP654 | C49: ST_ABP_20190230 | D49: dose | E49: =IFERROR(INDEX(field_dictionary!$B:$B,MATCH($D49,field_dictionary!$A:$A,0)),"") -> DESIGN | F49: =IFERROR(INDEX(field_dictionary!$C:$C,MATCH($D49,field_dictionary!$A:$A,0)),"") -> STUDY | G49: NA | H49: NA | I49: NA | J49: NA | L49: CORE | M49: REPORTED | N49: 90 mg | O49: 90 | R49: mg | V49: SRC_EPAR_WEZ | W49: 42 | X49: Page 42/117 | Y49: PK similarity study (20190230) | Z49: TEXT | AA49: Each subject received either a single 90 mg SC injection of ABP 654, ustekinumab (EU), or ustekinumab (US) on Day 1. | AD49: PASS | AJ49: =IF(AE49="","",IF(AND(AE49=M49,ABS(N(AF49)-N(O49))<=0.01,ABS(N(AG49)-N(P49))<=0.01,ABS(N(AH49)-N(Q49))<=0.01),"Y","N")) | AM49: =IF(OR(AL49="",O49=""),"",IF(ABS(N(AL49)-N(O49))<=0.01,"Y","N")) | AN49: AI_DRAFT | AO49: =IFERROR(INDEX(studies!$L:$L,MATCH($C49,studies!$A:$A,0)),"") -> Y | AP49: =IF(AND(M49="REPORTED",V49=""),"출처 누락",IF(AND(M49="NOT_FOUND",AC49=""),"검색범위 누락",IF(F49="ARM",IF(OR(H49="",H49="NA"),"arm 누락","OK"),IF(F49="COMPARISON",IF(OR(I49="",I49="NA"),"비교쌍 누락",IF(OR(G49="",G49="NA"),"analysis_id 누락","OK")),IF(F49="","","OK"))))) -> OK | AQ49: SB17·CT-P43(45 mg)과 용량이 다름 → 제품 간 PK 절대값 비교 불가
A50: G-ABP-005 | B50: P_ABP654 | C50: ST_ABP_20190230 | D50: route | E50: =IFERROR(INDEX(field_dictionary!$B:$B,MATCH($D50,field_dictionary!$A:$A,0)),"") -> DESIGN | F50: =IFERROR(INDEX(field_dictionary!$C:$C,MATCH($D50,field_dictionary!$A:$A,0)),"") -> STUDY | G50: NA | H50: NA | I50: NA | J50: NA | L50: CORE | M50: REPORTED | N50: SC | V50: SRC_EPAR_WEZ | W50: 42 | X50: Page 42/117 | Y50: PK similarity study (20190230) | Z50: TEXT | AA50: single 90 mg SC injection | AD50: PASS | AJ50: =IF(AE50="","",IF(AND(AE50=M50,ABS(N(AF50)-N(O50))<=0.01,ABS(N(AG50)-N(P50))<=0.01,ABS(N(AH50)-N(Q50))<=0.01),"Y","N")) | AM50: =IF(OR(AL50="",O50=""),"",IF(ABS(N(AL50)-N(O50))<=0.01,"Y","N")) | AN50: AI_DRAFT | AO50: =IFERROR(INDEX(studies!$L:$L,MATCH($C50,studies!$A:$A,0)),"") -> Y | AP50: =IF(AND(M50="REPORTED",V50=""),"출처 누락",IF(AND(M50="NOT_FOUND",AC50=""),"검색범위 누락",IF(F50="ARM",IF(OR(H50="",H50="NA"),"arm 누락","OK"),IF(F50="COMPARISON",IF(OR(I50="",I50="NA"),"비교쌍 누락",IF(OR(G50="",G50="NA"),"analysis_id 누락","OK")),IF(F50="","","OK"))))) -> OK
A51: G-ABP-006 | B51: P_ABP654 | C51: ST_ABP_20190230 | D51: primary_pk_endpoints | E51: =IFERROR(INDEX(field_dictionary!$B:$B,MATCH($D51,field_dictionary!$A:$A,0)),"") -> DESIGN | F51: =IFERROR(INDEX(field_dictionary!$C:$C,MATCH($D51,field_dictionary!$A:$A,0)),"") -> STUDY | G51: NA | H51: NA | I51: NA | J51: NA | L51: CORE | M51: REPORTED | N51: AUCinf; Cmax | V51: SRC_EPAR_WEZ | W51: 43 | X51: Page 43/117 | Y51: PK endpoints | Z51: TEXT | AA51: The primary PK parameters: AUCinf and Cmax | AD51: PASS | AJ51: =IF(AE51="","",IF(AND(AE51=M51,ABS(N(AF51)-N(O51))<=0.01,ABS(N(AG51)-N(P51))<=0.01,ABS(N(AH51)-N(Q51))<=0.01),"Y","N")) | AM51: =IF(OR(AL51="",O51=""),"",IF(ABS(N(AL51)-N(O51))<=0.01,"Y","N")) | AN51: AI_DRAFT | AO51: =IFERROR(INDEX(studies!$L:$L,MATCH($C51,studies!$A:$A,0)),"") -> Y | AP51: =IF(AND(M51="REPORTED",V51=""),"출처 누락",IF(AND(M51="NOT_FOUND",AC51=""),"검색범위 누락",IF(F51="ARM",IF(OR(H51="",H51="NA"),"arm 누락","OK"),IF(F51="COMPARISON",IF(OR(I51="",I51="NA"),"비교쌍 누락",IF(OR(G51="",G51="NA"),"analysis_id 누락","OK")),IF(F51="","","OK"))))) -> OK
A52: G-ABP-007 | B52: P_ABP654 | C52: ST_ABP_20190230 | D52: equiv_margin | E52: =IFERROR(INDEX(field_dictionary!$B:$B,MATCH($D52,field_dictionary!$A:$A,0)),"") -> DESIGN | F52: =IFERROR(INDEX(field_dictionary!$C:$C,MATCH($D52,field_dictionary!$A:$A,0)),"") -> STUDY | G52: NA | H52: NA | I52: NA | J52: NA | L52: CORE | M52: REPORTED | N52: 0.8 to 1.25 | R52: ratio | V52: SRC_EPAR_WEZ | W52: 44 | X52: Page 44/117 | Y52: Table 4 아래 본문 | Z52: TEXT | AA52: fully contained within the prespecified margin of 0.8 to 1.25 | AD52: PASS | AJ52: =IF(AE52="","",IF(AND(AE52=M52,ABS(N(AF52)-N(O52))<=0.01,ABS(N(AG52)-N(P52))<=0.01,ABS(N(AH52)-N(Q52))<=0.01),"Y","N")) | AM52: =IF(OR(AL52="",O52=""),"",IF(ABS(N(AL52)-N(O52))<=0.01,"Y","N")) | AN52: AI_DRAFT | AO52: =IFERROR(INDEX(studies!$L:$L,MATCH($C52,studies!$A:$A,0)),"") -> Y | AP52: =IF(AND(M52="REPORTED",V52=""),"출처 누락",IF(AND(M52="NOT_FOUND",AC52=""),"검색범위 누락",IF(F52="ARM",IF(OR(H52="",H52="NA"),"arm 누락","OK"),IF(F52="COMPARISON",IF(OR(I52="",I52="NA"),"비교쌍 누락",IF(OR(G52="",G52="NA"),"analysis_id 누락","OK")),IF(F52="","","OK"))))) -> OK
A53: G-ABP-008 | B53: P_ABP654 | C53: ST_ABP_20190230 | D53: ada_assay | E53: =IFERROR(INDEX(field_dictionary!$B:$B,MATCH($D53,field_dictionary!$A:$A,0)),"") -> IMMUNO | F53: =IFERROR(INDEX(field_dictionary!$C:$C,MATCH($D53,field_dictionary!$A:$A,0)),"") -> STUDY | G53: NA | H53: NA | I53: NA | J53: NA | L53: CORE | M53: REPORTED | N53: ADA: MSD-ECL bridging assay with acid dissociation, 3-tiered. NAb: ECL immunoassay (non cell-based) | V53: SRC_EPAR_WEZ | W53: 42 | X53: Page 42/117 | Y53: Analytical methods | Z53: TEXT | AA53: Anti-drug antibodies were determined by an MSD-ECL method with acid dissociation of the complexes | AB53: p47 (NAb 분석법: 'not the standard cell-based assay') | AD53: PASS | AJ53: =IF(AE53="","",IF(AND(AE53=M53,ABS(N(AF53)-N(O53))<=0.01,ABS(N(AG53)-N(P53))<=0.01,ABS(N(AH53)-N(Q53))<=0.01),"Y","N")) | AM53: =IF(OR(AL53="",O53=""),"",IF(ABS(N(AL53)-N(O53))<=0.01,"Y","N")) | AN53: AI_DRAFT | AO53: =IFERROR(INDEX(studies!$L:$L,MATCH($C53,studies!$A:$A,0)),"") -> Y | AP53: =IF(AND(M53="REPORTED",V53=""),"출처 누락",IF(AND(M53="NOT_FOUND",AC53=""),"검색범위 누락",IF(F53="ARM",IF(OR(H53="",H53="NA"),"arm 누락","OK"),IF(F53="COMPARISON",IF(OR(I53="",I53="NA"),"비교쌍 누락",IF(OR(G53="",G53="NA"),"analysis_id 누락","OK")),IF(F53="","","OK"))))) -> OK
A54: G-ABP-009 | B54: P_ABP654 | C54: ST_ABP_20190230 | D54: n_randomized | E54: =IFERROR(INDEX(field_dictionary!$B:$B,MATCH($D54,field_dictionary!$A:$A,0)),"") -> DESIGN | F54: =IFERROR(INDEX(field_dictionary!$C:$C,MATCH($D54,field_dictionary!$A:$A,0)),"") -> ARM | G54: NA | H54: TEST | I54: NA | J54: RANDOMIZED | L54: CORE | M54: NOT_FOUND | V54: SRC_EPAR_WEZ | AC54: EPAR 텍스트 전체 + p41 개요표(이미지): 군별 무작위배정 수 미기재, 전체 238명만 보고 | AD54: N/A | AJ54: =IF(AE54="","",IF(AND(AE54=M54,ABS(N(AF54)-N(O54))<=0.01,ABS(N(AG54)-N(P54))<=0.01,ABS(N(AH54)-N(Q54))<=0.01),"Y","N")) | AM54: =IF(OR(AL54="",O54=""),"",IF(ABS(N(AL54)-N(O54))<=0.01,"Y","N")) | AN54: AI_DRAFT | AO54: =IFERROR(INDEX(studies!$L:$L,MATCH($C54,studies!$A:$A,0)),"") -> Y | AP54: =IF(AND(M54="REPORTED",V54=""),"출처 누락",IF(AND(M54="NOT_FOUND",AC54=""),"검색범위 누락",IF(F54="ARM",IF(OR(H54="",H54="NA"),"arm 누락","OK"),IF(F54="COMPARISON",IF(OR(I54="",I54="NA"),"비교쌍 누락",IF(OR(G54="",G54="NA"),"analysis_id 누락","OK")),IF(F54="","","OK"))))) -> OK | AQ54: 전체 수는 EXTRA 행(arm=ALL)
A55: G-ABP-010 | B55: P_ABP654 | C55: ST_ABP_20190230 | D55: n_randomized | E55: =IFERROR(INDEX(field_dictionary!$B:$B,MATCH($D55,field_dictionary!$A:$A,0)),"") -> DESIGN | F55: =IFERROR(INDEX(field_dictionary!$C:$C,MATCH($D55,field_dictionary!$A:$A,0)),"") -> ARM | G55: NA | H55: EU_RP | I55: NA | J55: RANDOMIZED | L55: CORE | M55: NOT_FOUND | V55: SRC_EPAR_WEZ | AC55: EPAR 텍스트 전체 + p41 개요표(이미지): 군별 무작위배정 수 미기재, 전체 238명만 보고 | AD55: N/A | AJ55: =IF(AE55="","",IF(AND(AE55=M55,ABS(N(AF55)-N(O55))<=0.01,ABS(N(AG55)-N(P55))<=0.01,ABS(N(AH55)-N(Q55))<=0.01),"Y","N")) | AM55: =IF(OR(AL55="",O55=""),"",IF(ABS(N(AL55)-N(O55))<=0.01,"Y","N")) | AN55: AI_DRAFT | AO55: =IFERROR(INDEX(studies!$L:$L,MATCH($C55,studies!$A:$A,0)),"") -> Y | AP55: =IF(AND(M55="REPORTED",V55=""),"출처 누락",IF(AND(M55="NOT_FOUND",AC55=""),"검색범위 누락",IF(F55="ARM",IF(OR(H55="",H55="NA"),"arm 누락","OK"),IF(F55="COMPARISON",IF(OR(I55="",I55="NA"),"비교쌍 누락",IF(OR(G55="",G55="NA"),"analysis_id 누락","OK")),IF(F55="","","OK"))))) -> OK | AQ55: 전체 수는 EXTRA 행(arm=ALL)
A56: G-ABP-011 | B56: P_ABP654 | C56: ST_ABP_20190230 | D56: n_randomized | E56: =IFERROR(INDEX(field_dictionary!$B:$B,MATCH($D56,field_dictionary!$A:$A,0)),"") -> DESIGN | F56: =IFERROR(INDEX(field_dictionary!$C:$C,MATCH($D56,field_dictionary!$A:$A,0)),"") -> ARM | G56: NA | H56: US_RP | I56: NA | J56: RANDOMIZED | L56: CORE | M56: NOT_FOUND | V56: SRC_EPAR_WEZ | AC56: EPAR 텍스트 전체 + p41 개요표(이미지): 군별 무작위배정 수 미기재, 전체 238명만 보고 | AD56: N/A | AJ56: =IF(AE56="","",IF(AND(AE56=M56,ABS(N(AF56)-N(O56))<=0.01,ABS(N(AG56)-N(P56))<=0.01,ABS(N(AH56)-N(Q56))<=0.01),"Y","N")) | AM56: =IF(OR(AL56="",O56=""),"",IF(ABS(N(AL56)-N(O56))<=0.01,"Y","N")) | AN56: AI_DRAFT | AO56: =IFERROR(INDEX(studies!$L:$L,MATCH($C56,studies!$A:$A,0)),"") -> Y | AP56: =IF(AND(M56="REPORTED",V56=""),"출처 누락",IF(AND(M56="NOT_FOUND",AC56=""),"검색범위 누락",IF(F56="ARM",IF(OR(H56="",H56="NA"),"arm 누락","OK"),IF(F56="COMPARISON",IF(OR(I56="",I56="NA"),"비교쌍 누락",IF(OR(G56="",G56="NA"),"analysis_id 누락","OK")),IF(F56="","","OK"))))) -> OK | AQ56: 전체 수는 EXTRA 행(arm=ALL)
A57: G-ABP-012 | B57: P_ABP654 | C57: ST_ABP_20190230 | D57: n_randomized | E57: =IFERROR(INDEX(field_dictionary!$B:$B,MATCH($D57,field_dictionary!$A:$A,0)),"") -> DESIGN | F57: =IFERROR(INDEX(field_dictionary!$C:$C,MATCH($D57,field_dictionary!$A:$A,0)),"") -> ARM | G57: NA | H57: ALL | I57: NA | J57: RANDOMIZED | L57: EXTRA | M57: REPORTED | N57: 238/237ᵃ (Randomized / Analyzed for Safety) | O57: 238 | R57: 명 | V57: SRC_EPAR_WEZ | W57: 41 | X57: Page 41/117 | Y57: Tabular overview of clinical studies | Z57: IMAGE | AD57: IMAGE(시각 확인) | AJ57: =IF(AE57="","",IF(AND(AE57=M57,ABS(N(AF57)-N(O57))<=0.01,ABS(N(AG57)-N(P57))<=0.01,ABS(N(AH57)-N(Q57))<=0.01),"Y","N")) | AM57: =IF(OR(AL57="",O57=""),"",IF(ABS(N(AL57)-N(O57))<=0.01,"Y","N")) | AN57: AI_DRAFT | AO57: =IFERROR(INDEX(studies!$L:$L,MATCH($C57,studies!$A:$A,0)),"") -> Y | AP57: =IF(AND(M57="REPORTED",V57=""),"출처 누락",IF(AND(M57="NOT_FOUND",AC57=""),"검색범위 누락",IF(F57="ARM",IF(OR(H57="",H57="NA"),"arm 누락","OK"),IF(F57="COMPARISON",IF(OR(I57="",I57="NA"),"비교쌍 누락",IF(OR(G57="",G57="NA"),"analysis_id 누락","OK")),IF(F57="","","OK"))))) -> OK
A58: G-ABP-013 | B58: P_ABP654 | C58: ST_ABP_20190230 | D58: n_pk_set | E58: =IFERROR(INDEX(field_dictionary!$B:$B,MATCH($D58,field_dictionary!$A:$A,0)),"") -> DESIGN | F58: =IFERROR(INDEX(field_dictionary!$C:$C,MATCH($D58,field_dictionary!$A:$A,0)),"") -> ARM | G58: NA | H58: TEST | I58: NA | J58: PK_SET | L58: CORE | M58: REPORTED | N58: 78 | O58: 78 | R58: 명 | V58: SRC_EPAR_WEZ | W58: 43 | X58: Page 43/117 | Y58: PK results | Z58: TEXT | AA58: PK analysis sets included n = 78 in the ABP 654 group, n = 80 in the ustekinumab (EU) group and n = 79 in the ustekinumab (US) group. | AD58: PASS | AJ58: =IF(AE58="","",IF(AND(AE58=M58,ABS(N(AF58)-N(O58))<=0.01,ABS(N(AG58)-N(P58))<=0.01,ABS(N(AH58)-N(Q58))<=0.01),"Y","N")) | AM58: =IF(OR(AL58="",O58=""),"",IF(ABS(N(AL58)-N(O58))<=0.01,"Y","N")) | AN58: AI_DRAFT | AO58: =IFERROR(INDEX(studies!$L:$L,MATCH($C58,studies!$A:$A,0)),"") -> Y | AP58: =IF(AND(M58="REPORTED",V58=""),"출처 누락",IF(AND(M58="NOT_FOUND",AC58=""),"검색범위 누락",IF(F58="ARM",IF(OR(H58="",H58="NA"),"arm 누락","OK"),IF(F58="COMPARISON",IF(OR(I58="",I58="NA"),"비교쌍 누락",IF(OR(G58="",G58="NA"),"analysis_id 누락","OK")),IF(F58="","","OK"))))) -> OK
A59: G-ABP-014 | B59: P_ABP654 | C59: ST_ABP_20190230 | D59: n_pk_set | E59: =IFERROR(INDEX(field_dictionary!$B:$B,MATCH($D59,field_dictionary!$A:$A,0)),"") -> DESIGN | F59: =IFERROR(INDEX(field_dictionary!$C:$C,MATCH($D59,field_dictionary!$A:$A,0)),"") -> ARM | G59: NA | H59: EU_RP | I59: NA | J59: PK_SET | L59: CORE | M59: REPORTED | N59: 80 | O59: 80 | R59: 명 | V59: SRC_EPAR_WEZ | W59: 43 | X59: Page 43/117 | Y59: PK results | Z59: TEXT | AA59: PK analysis sets included n = 78 in the ABP 654 group, n = 80 in the ustekinumab (EU) group and n = 79 in the ustekinumab (US) group. | AD59: PASS | AJ59: =IF(AE59="","",IF(AND(AE59=M59,ABS(N(AF59)-N(O59))<=0.01,ABS(N(AG59)-N(P59))<=0.01,ABS(N(AH59)-N(Q59))<=0.01),"Y","N")) | AM59: =IF(OR(AL59="",O59=""),"",IF(ABS(N(AL59)-N(O59))<=0.01,"Y","N")) | AN59: AI_DRAFT | AO59: =IFERROR(INDEX(studies!$L:$L,MATCH($C59,studies!$A:$A,0)),"") -> Y | AP59: =IF(AND(M59="REPORTED",V59=""),"출처 누락",IF(AND(M59="NOT_FOUND",AC59=""),"검색범위 누락",IF(F59="ARM",IF(OR(H59="",H59="NA"),"arm 누락","OK"),IF(F59="COMPARISON",IF(OR(I59="",I59="NA"),"비교쌍 누락",IF(OR(G59="",G59="NA"),"analysis_id 누락","OK")),IF(F59="","","OK"))))) -> OK
A60: G-ABP-015 | B60: P_ABP654 | C60: ST_ABP_20190230 | D60: n_pk_set | E60: =IFERROR(INDEX(field_dictionary!$B:$B,MATCH($D60,field_dictionary!$A:$A,0)),"") -> DESIGN | F60: =IFERROR(INDEX(field_dictionary!$C:$C,MATCH($D60,field_dictionary!$A:$A,0)),"") -> ARM | G60: NA | H60: US_RP | I60: NA | J60: PK_SET | L60: CORE | M60: REPORTED | N60: 79 | O60: 79 | R60: 명 | V60: SRC_EPAR_WEZ | W60: 43 | X60: Page 43/117 | Y60: PK results | Z60: TEXT | AA60: PK analysis sets included n = 78 in the ABP 654 group, n = 80 in the ustekinumab (EU) group and n = 79 in the ustekinumab (US) group. | AD60: PASS | AJ60: =IF(AE60="","",IF(AND(AE60=M60,ABS(N(AF60)-N(O60))<=0.01,ABS(N(AG60)-N(P60))<=0.01,ABS(N(AH60)-N(Q60))<=0.01),"Y","N")) | AM60: =IF(OR(AL60="",O60=""),"",IF(ABS(N(AL60)-N(O60))<=0.01,"Y","N")) | AN60: AI_DRAFT | AO60: =IFERROR(INDEX(studies!$L:$L,MATCH($C60,studies!$A:$A,0)),"") -> Y | AP60: =IF(AND(M60="REPORTED",V60=""),"출처 누락",IF(AND(M60="NOT_FOUND",AC60=""),"검색범위 누락",IF(F60="ARM",IF(OR(H60="",H60="NA"),"arm 누락","OK"),IF(F60="COMPARISON",IF(OR(I60="",I60="NA"),"비교쌍 누락",IF(OR(G60="",G60="NA"),"analysis_id 누락","OK")),IF(F60="","","OK"))))) -> OK
A61: G-ABP-016 | B61: P_ABP654 | C61: ST_ABP_20190230 | D61: ada_incidence | E61: =IFERROR(INDEX(field_dictionary!$B:$B,MATCH($D61,field_dictionary!$A:$A,0)),"") -> IMMUNO | F61: =IFERROR(INDEX(field_dictionary!$C:$C,MATCH($D61,field_dictionary!$A:$A,0)),"") -> ARM | G61: ADA_TREATMENT_EMERGENT | H61: TEST | I61: NA | J61: SAFETY_SET | K61: Through EOS (Day 112) | L61: CORE | M61: REPORTED | N61: 12 (15.4) | O61: 15.4 | R61: % | U61: ALL_SUBJECTS (N=78) | V61: SRC_EPAR_WEZ | W61: 94 | X61: Page 94/117 | Y61: Table 42 'Developing antibody incidence … through EOS' | Z61: IMAGE | AD61: IMAGE(시각 확인) | AJ61: =IF(AE61="","",IF(AND(AE61=M61,ABS(N(AF61)-N(O61))<=0.01,ABS(N(AG61)-N(P61))<=0.01,ABS(N(AH61)-N(Q61))<=0.01),"Y","N")) | AM61: =IF(OR(AL61="",O61=""),"",IF(ABS(N(AL61)-N(O61))<=0.01,"Y","N")) | AN61: AI_DRAFT | AO61: =IFERROR(INDEX(studies!$L:$L,MATCH($C61,studies!$A:$A,0)),"") -> Y | AP61: =IF(AND(M61="REPORTED",V61=""),"출처 누락",IF(AND(M61="NOT_FOUND",AC61=""),"검색범위 누락",IF(F61="ARM",IF(OR(H61="",H61="NA"),"arm 누락","OK"),IF(F61="COMPARISON",IF(OR(I61="",I61="NA"),"비교쌍 누락",IF(OR(G61="",G61="NA"),"analysis_id 누락","OK")),IF(F61="","","OK"))))) -> OK | AQ61: 정의: 기저치 음성(또는 결과 없음) → 기저치 이후 양성. SB17의 'post-dose positive'와 정의 다름
A62: G-ABP-017 | B62: P_ABP654 | C62: ST_ABP_20190230 | D62: ada_incidence | E62: =IFERROR(INDEX(field_dictionary!$B:$B,MATCH($D62,field_dictionary!$A:$A,0)),"") -> IMMUNO | F62: =IFERROR(INDEX(field_dictionary!$C:$C,MATCH($D62,field_dictionary!$A:$A,0)),"") -> ARM | G62: ADA_TREATMENT_EMERGENT | H62: EU_RP | I62: NA | J62: SAFETY_SET | K62: Through EOS (Day 112) | L62: CORE | M62: REPORTED | N62: 29 (36.3) | O62: 36.3 | R62: % | U62: ALL_SUBJECTS (N=80) | V62: SRC_EPAR_WEZ | W62: 94 | X62: Page 94/117 | Y62: Table 42 'Developing antibody incidence … through EOS' | Z62: IMAGE | AD62: IMAGE(시각 확인) | AJ62: =IF(AE62="","",IF(AND(AE62=M62,ABS(N(AF62)-N(O62))<=0.01,ABS(N(AG62)-N(P62))<=0.01,ABS(N(AH62)-N(Q62))<=0.01),"Y","N")) | AM62: =IF(OR(AL62="",O62=""),"",IF(ABS(N(AL62)-N(O62))<=0.01,"Y","N")) | AN62: AI_DRAFT | AO62: =IFERROR(INDEX(studies!$L:$L,MATCH($C62,studies!$A:$A,0)),"") -> Y | AP62: =IF(AND(M62="REPORTED",V62=""),"출처 누락",IF(AND(M62="NOT_FOUND",AC62=""),"검색범위 누락",IF(F62="ARM",IF(OR(H62="",H62="NA"),"arm 누락","OK"),IF(F62="COMPARISON",IF(OR(I62="",I62="NA"),"비교쌍 누락",IF(OR(G62="",G62="NA"),"analysis_id 누락","OK")),IF(F62="","","OK"))))) -> OK | AQ62: 정의: 기저치 음성(또는 결과 없음) → 기저치 이후 양성. SB17의 'post-dose positive'와 정의 다름
A63: G-ABP-018 | B63: P_ABP654 | C63: ST_ABP_20190230 | D63: ada_incidence | E63: =IFERROR(INDEX(field_dictionary!$B:$B,MATCH($D63,field_dictionary!$A:$A,0)),"") -> IMMUNO | F63: =IFERROR(INDEX(field_dictionary!$C:$C,MATCH($D63,field_dictionary!$A:$A,0)),"") -> ARM | G63: ADA_TREATMENT_EMERGENT | H63: US_RP | I63: NA | J63: SAFETY_SET | K63: Through EOS (Day 112) | L63: CORE | M63: REPORTED | N63: 30 (38.0) | O63: 38 | R63: % | U63: ALL_SUBJECTS (N=79) | V63: SRC_EPAR_WEZ | W63: 94 | X63: Page 94/117 | Y63: Table 42 'Developing antibody incidence … through EOS' | Z63: IMAGE | AD63: IMAGE(시각 확인) | AJ63: =IF(AE63="","",IF(AND(AE63=M63,ABS(N(AF63)-N(O63))<=0.01,ABS(N(AG63)-N(P63))<=0.01,ABS(N(AH63)-N(Q63))<=0.01),"Y","N")) | AM63: =IF(OR(AL63="",O63=""),"",IF(ABS(N(AL63)-N(O63))<=0.01,"Y","N")) | AN63: AI_DRAFT | AO63: =IFERROR(INDEX(studies!$L:$L,MATCH($C63,studies!$A:$A,0)),"") -> Y | AP63: =IF(AND(M63="REPORTED",V63=""),"출처 누락",IF(AND(M63="NOT_FOUND",AC63=""),"검색범위 누락",IF(F63="ARM",IF(OR(H63="",H63="NA"),"arm 누락","OK"),IF(F63="COMPARISON",IF(OR(I63="",I63="NA"),"비교쌍 누락",IF(OR(G63="",G63="NA"),"analysis_id 누락","OK")),IF(F63="","","OK"))))) -> OK | AQ63: 정의: 기저치 음성(또는 결과 없음) → 기저치 이후 양성. SB17의 'post-dose positive'와 정의 다름
A64: G-ABP-019 | B64: P_ABP654 | C64: ST_ABP_20190230 | D64: ada_incidence | E64: =IFERROR(INDEX(field_dictionary!$B:$B,MATCH($D64,field_dictionary!$A:$A,0)),"") -> IMMUNO | F64: =IFERROR(INDEX(field_dictionary!$C:$C,MATCH($D64,field_dictionary!$A:$A,0)),"") -> ARM | G64: ADA_ANYTIME | H64: TEST | I64: NA | J64: SAFETY_SET | K64: Anytime (기저치 포함) | L64: EXTRA | M64: REPORTED | N64: 13 (16.7) | O64: 16.7 | R64: % | U64: ALL_SUBJECTS | V64: SRC_EPAR_WEZ | W64: 94 | X64: Page 94/117 | Y64: Table 42 'Binding antibody positive anytime' | Z64: IMAGE | AD64: IMAGE(시각 확인) | AJ64: =IF(AE64="","",IF(AND(AE64=M64,ABS(N(AF64)-N(O64))<=0.01,ABS(N(AG64)-N(P64))<=0.01,ABS(N(AH64)-N(Q64))<=0.01),"Y","N")) | AM64: =IF(OR(AL64="",O64=""),"",IF(ABS(N(AL64)-N(O64))<=0.01,"Y","N")) | AN64: AI_DRAFT | AO64: =IFERROR(INDEX(studies!$L:$L,MATCH($C64,studies!$A:$A,0)),"") -> Y | AP64: =IF(AND(M64="REPORTED",V64=""),"출처 누락",IF(AND(M64="NOT_FOUND",AC64=""),"검색범위 누락",IF(F64="ARM",IF(OR(H64="",H64="NA"),"arm 누락","OK"),IF(F64="COMPARISON",IF(OR(I64="",I64="NA"),"비교쌍 누락",IF(OR(G64="",G64="NA"),"analysis_id 누락","OK")),IF(F64="","","OK"))))) -> OK | AQ64: 기저치 양성자 포함 정의
A65: G-ABP-020 | B65: P_ABP654 | C65: ST_ABP_20190230 | D65: ada_incidence | E65: =IFERROR(INDEX(field_dictionary!$B:$B,MATCH($D65,field_dictionary!$A:$A,0)),"") -> IMMUNO | F65: =IFERROR(INDEX(field_dictionary!$C:$C,MATCH($D65,field_dictionary!$A:$A,0)),"") -> ARM | G65: ADA_ANYTIME | H65: EU_RP | I65: NA | J65: SAFETY_SET | K65: Anytime (기저치 포함) | L65: EXTRA | M65: REPORTED | N65: 30 (37.5) | O65: 37.5 | R65: % | U65: ALL_SUBJECTS | V65: SRC_EPAR_WEZ | W65: 94 | X65: Page 94/117 | Y65: Table 42 'Binding antibody positive anytime' | Z65: IMAGE | AD65: IMAGE(시각 확인) | AJ65: =IF(AE65="","",IF(AND(AE65=M65,ABS(N(AF65)-N(O65))<=0.01,ABS(N(AG65)-N(P65))<=0.01,ABS(N(AH65)-N(Q65))<=0.01),"Y","N")) | AM65: =IF(OR(AL65="",O65=""),"",IF(ABS(N(AL65)-N(O65))<=0.01,"Y","N")) | AN65: AI_DRAFT | AO65: =IFERROR(INDEX(studies!$L:$L,MATCH($C65,studies!$A:$A,0)),"") -> Y | AP65: =IF(AND(M65="REPORTED",V65=""),"출처 누락",IF(AND(M65="NOT_FOUND",AC65=""),"검색범위 누락",IF(F65="ARM",IF(OR(H65="",H65="NA"),"arm 누락","OK"),IF(F65="COMPARISON",IF(OR(I65="",I65="NA"),"비교쌍 누락",IF(OR(G65="",G65="NA"),"analysis_id 누락","OK")),IF(F65="","","OK"))))) -> OK | AQ65: 기저치 양성자 포함 정의
A66: G-ABP-021 | B66: P_ABP654 | C66: ST_ABP_20190230 | D66: ada_incidence | E66: =IFERROR(INDEX(field_dictionary!$B:$B,MATCH($D66,field_dictionary!$A:$A,0)),"") -> IMMUNO | F66: =IFERROR(INDEX(field_dictionary!$C:$C,MATCH($D66,field_dictionary!$A:$A,0)),"") -> ARM | G66: ADA_ANYTIME | H66: US_RP | I66: NA | J66: SAFETY_SET | K66: Anytime (기저치 포함) | L66: EXTRA | M66: REPORTED | N66: 30 (38.0) | O66: 38 | R66: % | U66: ALL_SUBJECTS | V66: SRC_EPAR_WEZ | W66: 94 | X66: Page 94/117 | Y66: Table 42 'Binding antibody positive anytime' | Z66: IMAGE | AD66: IMAGE(시각 확인) | AJ66: =IF(AE66="","",IF(AND(AE66=M66,ABS(N(AF66)-N(O66))<=0.01,ABS(N(AG66)-N(P66))<=0.01,ABS(N(AH66)-N(Q66))<=0.01),"Y","N")) | AM66: =IF(OR(AL66="",O66=""),"",IF(ABS(N(AL66)-N(O66))<=0.01,"Y","N")) | AN66: AI_DRAFT | AO66: =IFERROR(INDEX(studies!$L:$L,MATCH($C66,studies!$A:$A,0)),"") -> Y | AP66: =IF(AND(M66="REPORTED",V66=""),"출처 누락",IF(AND(M66="NOT_FOUND",AC66=""),"검색범위 누락",IF(F66="ARM",IF(OR(H66="",H66="NA"),"arm 누락","OK"),IF(F66="COMPARISON",IF(OR(I66="",I66="NA"),"비교쌍 누락",IF(OR(G66="",G66="NA"),"analysis_id 누락","OK")),IF(F66="","","OK"))))) -> OK | AQ66: 기저치 양성자 포함 정의
A67: G-ABP-022 | B67: P_ABP654 | C67: ST_ABP_20190230 | D67: nab_incidence | E67: =IFERROR(INDEX(field_dictionary!$B:$B,MATCH($D67,field_dictionary!$A:$A,0)),"") -> IMMUNO | F67: =IFERROR(INDEX(field_dictionary!$C:$C,MATCH($D67,field_dictionary!$A:$A,0)),"") -> ARM | G67: NAB_TREATMENT_EMERGENT | H67: TEST | I67: NA | J67: SAFETY_SET | K67: Through EOS (Day 112) | L67: CORE | M67: REPORTED | N67: 2 (2.6) | O67: 2.6 | R67: % | U67: ALL_SUBJECTS | V67: SRC_EPAR_WEZ | W67: 94 | X67: Page 94/117 | Y67: Table 42 'Neutralizing antibody positive postbaseline … through EOS' | Z67: IMAGE | AD67: IMAGE(시각 확인) | AJ67: =IF(AE67="","",IF(AND(AE67=M67,ABS(N(AF67)-N(O67))<=0.01,ABS(N(AG67)-N(P67))<=0.01,ABS(N(AH67)-N(Q67))<=0.01),"Y","N")) | AM67: =IF(OR(AL67="",O67=""),"",IF(ABS(N(AL67)-N(O67))<=0.01,"Y","N")) | AN67: AI_DRAFT | AO67: =IFERROR(INDEX(studies!$L:$L,MATCH($C67,studies!$A:$A,0)),"") -> Y | AP67: =IF(AND(M67="REPORTED",V67=""),"출처 누락",IF(AND(M67="NOT_FOUND",AC67=""),"검색범위 누락",IF(F67="ARM",IF(OR(H67="",H67="NA"),"arm 누락","OK"),IF(F67="COMPARISON",IF(OR(I67="",I67="NA"),"비교쌍 누락",IF(OR(G67="",G67="NA"),"analysis_id 누락","OK")),IF(F67="","","OK"))))) -> OK
A68: G-ABP-023 | B68: P_ABP654 | C68: ST_ABP_20190230 | D68: nab_incidence | E68: =IFERROR(INDEX(field_dictionary!$B:$B,MATCH($D68,field_dictionary!$A:$A,0)),"") -> IMMUNO | F68: =IFERROR(INDEX(field_dictionary!$C:$C,MATCH($D68,field_dictionary!$A:$A,0)),"") -> ARM | G68: NAB_TREATMENT_EMERGENT | H68: EU_RP | I68: NA | J68: SAFETY_SET | K68: Through EOS (Day 112) | L68: CORE | M68: REPORTED | N68: 6 (7.5) | O68: 7.5 | R68: % | U68: ALL_SUBJECTS | V68: SRC_EPAR_WEZ | W68: 94 | X68: Page 94/117 | Y68: Table 42 'Neutralizing antibody positive postbaseline … through EOS' | Z68: IMAGE | AD68: IMAGE(시각 확인) | AJ68: =IF(AE68="","",IF(AND(AE68=M68,ABS(N(AF68)-N(O68))<=0.01,ABS(N(AG68)-N(P68))<=0.01,ABS(N(AH68)-N(Q68))<=0.01),"Y","N")) | AM68: =IF(OR(AL68="",O68=""),"",IF(ABS(N(AL68)-N(O68))<=0.01,"Y","N")) | AN68: AI_DRAFT | AO68: =IFERROR(INDEX(studies!$L:$L,MATCH($C68,studies!$A:$A,0)),"") -> Y | AP68: =IF(AND(M68="REPORTED",V68=""),"출처 누락",IF(AND(M68="NOT_FOUND",AC68=""),"검색범위 누락",IF(F68="ARM",IF(OR(H68="",H68="NA"),"arm 누락","OK"),IF(F68="COMPARISON",IF(OR(I68="",I68="NA"),"비교쌍 누락",IF(OR(G68="",G68="NA"),"analysis_id 누락","OK")),IF(F68="","","OK"))))) -> OK
A69: G-ABP-024 | B69: P_ABP654 | C69: ST_ABP_20190230 | D69: nab_incidence | E69: =IFERROR(INDEX(field_dictionary!$B:$B,MATCH($D69,field_dictionary!$A:$A,0)),"") -> IMMUNO | F69: =IFERROR(INDEX(field_dictionary!$C:$C,MATCH($D69,field_dictionary!$A:$A,0)),"") -> ARM | G69: NAB_TREATMENT_EMERGENT | H69: US_RP | I69: NA | J69: SAFETY_SET | K69: Through EOS (Day 112) | L69: CORE | M69: REPORTED | N69: 10 (12.7) | O69: 12.7 | R69: % | U69: ALL_SUBJECTS | V69: SRC_EPAR_WEZ | W69: 94 | X69: Page 94/117 | Y69: Table 42 'Neutralizing antibody positive postbaseline … through EOS' | Z69: IMAGE | AD69: IMAGE(시각 확인) | AJ69: =IF(AE69="","",IF(AND(AE69=M69,ABS(N(AF69)-N(O69))<=0.01,ABS(N(AG69)-N(P69))<=0.01,ABS(N(AH69)-N(Q69))<=0.01),"Y","N")) | AM69: =IF(OR(AL69="",O69=""),"",IF(ABS(N(AL69)-N(O69))<=0.01,"Y","N")) | AN69: AI_DRAFT | AO69: =IFERROR(INDEX(studies!$L:$L,MATCH($C69,studies!$A:$A,0)),"") -> Y | AP69: =IF(AND(M69="REPORTED",V69=""),"출처 누락",IF(AND(M69="NOT_FOUND",AC69=""),"검색범위 누락",IF(F69="ARM",IF(OR(H69="",H69="NA"),"arm 누락","OK"),IF(F69="COMPARISON",IF(OR(I69="",I69="NA"),"비교쌍 누락",IF(OR(G69="",G69="NA"),"analysis_id 누락","OK")),IF(F69="","","OK"))))) -> OK
A70: G-ABP-025 | B70: P_ABP654 | C70: ST_ABP_20190230 | D70: pk_gmr_auc_inf | E70: =IFERROR(INDEX(field_dictionary!$B:$B,MATCH($D70,field_dictionary!$A:$A,0)),"") -> PK | F70: =IFERROR(INDEX(field_dictionary!$C:$C,MATCH($D70,field_dictionary!$A:$A,0)),"") -> COMPARISON | G70: PRIMARY | H70: NA | I70: TEST_vs_EU_RP | J70: PK_SET | K70: Single dose | L70: CORE | M70: REPORTED | N70: 0.9391 (0.8620, 1.0232) | O70: 93.91 | P70: 86.2 | Q70: 102.32 | R70: % | S70: 76 | T70: 77 | V70: SRC_EPAR_WEZ | W70: 44 | X70: Page 44/117 | Y70: Table 5 (ANCOVA with baseline weight) | Z70: IMAGE | AD70: IMAGE(시각 확인) | AJ70: =IF(AE70="","",IF(AND(AE70=M70,ABS(N(AF70)-N(O70))<=0.01,ABS(N(AG70)-N(P70))<=0.01,ABS(N(AH70)-N(Q70))<=0.01),"Y","N")) | AK70: PILOT_OBS | AL70: 93.91 | AM70: =IF(OR(AL70="",O70=""),"",IF(ABS(N(AL70)-N(O70))<=0.01,"Y","N")) -> Y | AN70: AI_DRAFT | AO70: =IFERROR(INDEX(studies!$L:$L,MATCH($C70,studies!$A:$A,0)),"") -> Y | AP70: =IF(AND(M70="REPORTED",V70=""),"출처 누락",IF(AND(M70="NOT_FOUND",AC70=""),"검색범위 누락",IF(F70="ARM",IF(OR(H70="",H70="NA"),"arm 누락","OK"),IF(F70="COMPARISON",IF(OR(I70="",I70="NA"),"비교쌍 누락",IF(OR(G70="",G70="NA"),"analysis_id 누락","OK")),IF(F70="","","OK"))))) -> OK | AQ70: 원문 scale=ratio. EPAR 주 통계표가 체중 보정 ANCOVA
A71: G-ABP-026 | B71: P_ABP654 | C71: ST_ABP_20190230 | D71: pk_gmr_auc_inf | E71: =IFERROR(INDEX(field_dictionary!$B:$B,MATCH($D71,field_dictionary!$A:$A,0)),"") -> PK | F71: =IFERROR(INDEX(field_dictionary!$C:$C,MATCH($D71,field_dictionary!$A:$A,0)),"") -> COMPARISON | G71: PRIMARY | H71: NA | I71: TEST_vs_US_RP | J71: PK_SET | K71: Single dose | L71: CORE | M71: REPORTED | N71: 1.0124 (0.9289, 1.1034) | O71: 101.24 | P71: 92.89 | Q71: 110.34 | R71: % | S71: 76 | T71: 76 | V71: SRC_EPAR_WEZ | W71: 44 | X71: Page 44/117 | Y71: Table 5 (ANCOVA with baseline weight) | Z71: IMAGE | AD71: IMAGE(시각 확인) | AJ71: =IF(AE71="","",IF(AND(AE71=M71,ABS(N(AF71)-N(O71))<=0.01,ABS(N(AG71)-N(P71))<=0.01,ABS(N(AH71)-N(Q71))<=0.01),"Y","N")) | AM71: =IF(OR(AL71="",O71=""),"",IF(ABS(N(AL71)-N(O71))<=0.01,"Y","N")) | AN71: AI_DRAFT | AO71: =IFERROR(INDEX(studies!$L:$L,MATCH($C71,studies!$A:$A,0)),"") -> Y | AP71: =IF(AND(M71="REPORTED",V71=""),"출처 누락",IF(AND(M71="NOT_FOUND",AC71=""),"검색범위 누락",IF(F71="ARM",IF(OR(H71="",H71="NA"),"arm 누락","OK"),IF(F71="COMPARISON",IF(OR(I71="",I71="NA"),"비교쌍 누락",IF(OR(G71="",G71="NA"),"analysis_id 누락","OK")),IF(F71="","","OK"))))) -> OK | AQ71: 원문 scale=ratio. EPAR 주 통계표가 체중 보정 ANCOVA
A72: G-ABP-027 | B72: P_ABP654 | C72: ST_ABP_20190230 | D72: pk_gmr_auc_inf | E72: =IFERROR(INDEX(field_dictionary!$B:$B,MATCH($D72,field_dictionary!$A:$A,0)),"") -> PK | F72: =IFERROR(INDEX(field_dictionary!$C:$C,MATCH($D72,field_dictionary!$A:$A,0)),"") -> COMPARISON | G72: PRIMARY | H72: NA | I72: US_RP_vs_EU_RP | J72: PK_SET | K72: Single dose | L72: CORE | M72: REPORTED | N72: 0.9276 (0.8514, 1.0107) | O72: 92.76 | P72: 85.14 | Q72: 101.07 | R72: % | S72: 76 | T72: 77 | V72: SRC_EPAR_WEZ | W72: 44 | X72: Page 44/117 | Y72: Table 5 (ANCOVA with baseline weight) | Z72: IMAGE | AD72: IMAGE(시각 확인) | AJ72: =IF(AE72="","",IF(AND(AE72=M72,ABS(N(AF72)-N(O72))<=0.01,ABS(N(AG72)-N(P72))<=0.01,ABS(N(AH72)-N(Q72))<=0.01),"Y","N")) | AM72: =IF(OR(AL72="",O72=""),"",IF(ABS(N(AL72)-N(O72))<=0.01,"Y","N")) | AN72: AI_DRAFT | AO72: =IFERROR(INDEX(studies!$L:$L,MATCH($C72,studies!$A:$A,0)),"") -> Y | AP72: =IF(AND(M72="REPORTED",V72=""),"출처 누락",IF(AND(M72="NOT_FOUND",AC72=""),"검색범위 누락",IF(F72="ARM",IF(OR(H72="",H72="NA"),"arm 누락","OK"),IF(F72="COMPARISON",IF(OR(I72="",I72="NA"),"비교쌍 누락",IF(OR(G72="",G72="NA"),"analysis_id 누락","OK")),IF(F72="","","OK"))))) -> OK | AQ72: 원문 비교 방향 = US/EU (분자 US). 뒤집지 않고 기록
A73: G-ABP-028 | B73: P_ABP654 | C73: ST_ABP_20190230 | D73: pk_gmr_auc_last | E73: =IFERROR(INDEX(field_dictionary!$B:$B,MATCH($D73,field_dictionary!$A:$A,0)),"") -> PK | F73: =IFERROR(INDEX(field_dictionary!$C:$C,MATCH($D73,field_dictionary!$A:$A,0)),"") -> COMPARISON | G73: PRIMARY | H73: NA | I73: TEST_vs_EU_RP | J73: PK_SET | K73: Single dose | L73: CORE | M73: REPORTED | N73: 0.9428 (0.8685, 1.0235) | O73: 94.28 | P73: 86.85 | Q73: 102.35 | R73: % | S73: 78 | T73: 80 | V73: SRC_EPAR_WEZ | W73: 44 | X73: Page 44/117 | Y73: Table 5 (ANCOVA with baseline weight) | Z73: IMAGE | AD73: IMAGE(시각 확인) | AJ73: =IF(AE73="","",IF(AND(AE73=M73,ABS(N(AF73)-N(O73))<=0.01,ABS(N(AG73)-N(P73))<=0.01,ABS(N(AH73)-N(Q73))<=0.01),"Y","N")) | AM73: =IF(OR(AL73="",O73=""),"",IF(ABS(N(AL73)-N(O73))<=0.01,"Y","N")) | AN73: AI_DRAFT | AO73: =IFERROR(INDEX(studies!$L:$L,MATCH($C73,studies!$A:$A,0)),"") -> Y | AP73: =IF(AND(M73="REPORTED",V73=""),"출처 누락",IF(AND(M73="NOT_FOUND",AC73=""),"검색범위 누락",IF(F73="ARM",IF(OR(H73="",H73="NA"),"arm 누락","OK"),IF(F73="COMPARISON",IF(OR(I73="",I73="NA"),"비교쌍 누락",IF(OR(G73="",G73="NA"),"analysis_id 누락","OK")),IF(F73="","","OK"))))) -> OK | AQ73: 원문 scale=ratio. EPAR 주 통계표가 체중 보정 ANCOVA
A74: G-ABP-029 | B74: P_ABP654 | C74: ST_ABP_20190230 | D74: pk_gmr_auc_last | E74: =IFERROR(INDEX(field_dictionary!$B:$B,MATCH($D74,field_dictionary!$A:$A,0)),"") -> PK | F74: =IFERROR(INDEX(field_dictionary!$C:$C,MATCH($D74,field_dictionary!$A:$A,0)),"") -> COMPARISON | G74: PRIMARY | H74: NA | I74: TEST_vs_US_RP | J74: PK_SET | K74: Single dose | L74: CORE | M74: REPORTED | N74: 1.0162 (0.9358, 1.1035) | O74: 101.62 | P74: 93.58 | Q74: 110.35 | R74: % | S74: 78 | T74: 79 | V74: SRC_EPAR_WEZ | W74: 44 | X74: Page 44/117 | Y74: Table 5 (ANCOVA with baseline weight) | Z74: IMAGE | AD74: IMAGE(시각 확인) | AJ74: =IF(AE74="","",IF(AND(AE74=M74,ABS(N(AF74)-N(O74))<=0.01,ABS(N(AG74)-N(P74))<=0.01,ABS(N(AH74)-N(Q74))<=0.01),"Y","N")) | AM74: =IF(OR(AL74="",O74=""),"",IF(ABS(N(AL74)-N(O74))<=0.01,"Y","N")) | AN74: AI_DRAFT | AO74: =IFERROR(INDEX(studies!$L:$L,MATCH($C74,studies!$A:$A,0)),"") -> Y | AP74: =IF(AND(M74="REPORTED",V74=""),"출처 누락",IF(AND(M74="NOT_FOUND",AC74=""),"검색범위 누락",IF(F74="ARM",IF(OR(H74="",H74="NA"),"arm 누락","OK"),IF(F74="COMPARISON",IF(OR(I74="",I74="NA"),"비교쌍 누락",IF(OR(G74="",G74="NA"),"analysis_id 누락","OK")),IF(F74="","","OK"))))) -> OK | AQ74: 원문 scale=ratio. EPAR 주 통계표가 체중 보정 ANCOVA
A75: G-ABP-030 | B75: P_ABP654 | C75: ST_ABP_20190230 | D75: pk_gmr_auc_last | E75: =IFERROR(INDEX(field_dictionary!$B:$B,MATCH($D75,field_dictionary!$A:$A,0)),"") -> PK | F75: =IFERROR(INDEX(field_dictionary!$C:$C,MATCH($D75,field_dictionary!$A:$A,0)),"") -> COMPARISON | G75: PRIMARY | H75: NA | I75: US_RP_vs_EU_RP | J75: PK_SET | K75: Single dose | L75: CORE | M75: REPORTED | N75: 0.9278 (0.8549, 1.0069) | O75: 92.78 | P75: 85.49 | Q75: 100.69 | R75: % | S75: 79 | T75: 80 | V75: SRC_EPAR_WEZ | W75: 44 | X75: Page 44/117 | Y75: Table 5 (ANCOVA with baseline weight) | Z75: IMAGE | AD75: IMAGE(시각 확인) | AJ75: =IF(AE75="","",IF(AND(AE75=M75,ABS(N(AF75)-N(O75))<=0.01,ABS(N(AG75)-N(P75))<=0.01,ABS(N(AH75)-N(Q75))<=0.01),"Y","N")) | AM75: =IF(OR(AL75="",O75=""),"",IF(ABS(N(AL75)-N(O75))<=0.01,"Y","N")) | AN75: AI_DRAFT | AO75: =IFERROR(INDEX(studies!$L:$L,MATCH($C75,studies!$A:$A,0)),"") -> Y | AP75: =IF(AND(M75="REPORTED",V75=""),"출처 누락",IF(AND(M75="NOT_FOUND",AC75=""),"검색범위 누락",IF(F75="ARM",IF(OR(H75="",H75="NA"),"arm 누락","OK"),IF(F75="COMPARISON",IF(OR(I75="",I75="NA"),"비교쌍 누락",IF(OR(G75="",G75="NA"),"analysis_id 누락","OK")),IF(F75="","","OK"))))) -> OK | AQ75: 원문 비교 방향 = US/EU (분자 US). 뒤집지 않고 기록
A76: G-ABP-031 | B76: P_ABP654 | C76: ST_ABP_20190230 | D76: pk_gmr_cmax | E76: =IFERROR(INDEX(field_dictionary!$B:$B,MATCH($D76,field_dictionary!$A:$A,0)),"") -> PK | F76: =IFERROR(INDEX(field_dictionary!$C:$C,MATCH($D76,field_dictionary!$A:$A,0)),"") -> COMPARISON | G76: PRIMARY | H76: NA | I76: TEST_vs_EU_RP | J76: PK_SET | K76: Single dose | L76: CORE | M76: REPORTED | N76: 0.9452 (0.8779, 1.0175) | O76: 94.52 | P76: 87.79 | Q76: 101.75 | R76: % | S76: 78 | T76: 80 | V76: SRC_EPAR_WEZ | W76: 44 | X76: Page 44/117 | Y76: Table 5 (ANCOVA with baseline weight) | Z76: IMAGE | AD76: IMAGE(시각 확인) | AJ76: =IF(AE76="","",IF(AND(AE76=M76,ABS(N(AF76)-N(O76))<=0.01,ABS(N(AG76)-N(P76))<=0.01,ABS(N(AH76)-N(Q76))<=0.01),"Y","N")) | AK76: PILOT_OBS | AL76: 94.52 | AM76: =IF(OR(AL76="",O76=""),"",IF(ABS(N(AL76)-N(O76))<=0.01,"Y","N")) -> Y | AN76: AI_DRAFT | AO76: =IFERROR(INDEX(studies!$L:$L,MATCH($C76,studies!$A:$A,0)),"") -> Y | AP76: =IF(AND(M76="REPORTED",V76=""),"출처 누락",IF(AND(M76="NOT_FOUND",AC76=""),"검색범위 누락",IF(F76="ARM",IF(OR(H76="",H76="NA"),"arm 누락","OK"),IF(F76="COMPARISON",IF(OR(I76="",I76="NA"),"비교쌍 누락",IF(OR(G76="",G76="NA"),"analysis_id 누락","OK")),IF(F76="","","OK"))))) -> OK | AQ76: 원문 scale=ratio. EPAR 주 통계표가 체중 보정 ANCOVA
A77: G-ABP-032 | B77: P_ABP654 | C77: ST_ABP_20190230 | D77: pk_gmr_cmax | E77: =IFERROR(INDEX(field_dictionary!$B:$B,MATCH($D77,field_dictionary!$A:$A,0)),"") -> PK | F77: =IFERROR(INDEX(field_dictionary!$C:$C,MATCH($D77,field_dictionary!$A:$A,0)),"") -> COMPARISON | G77: PRIMARY | H77: NA | I77: TEST_vs_US_RP | J77: PK_SET | K77: Single dose | L77: CORE | M77: REPORTED | N77: 1.0030 (0.9314, 1.0801) | O77: 100.3 | P77: 93.14 | Q77: 108.01 | R77: % | S77: 78 | T77: 79 | V77: SRC_EPAR_WEZ | W77: 44 | X77: Page 44/117 | Y77: Table 5 (ANCOVA with baseline weight) | Z77: IMAGE | AD77: IMAGE(시각 확인) | AJ77: =IF(AE77="","",IF(AND(AE77=M77,ABS(N(AF77)-N(O77))<=0.01,ABS(N(AG77)-N(P77))<=0.01,ABS(N(AH77)-N(Q77))<=0.01),"Y","N")) | AM77: =IF(OR(AL77="",O77=""),"",IF(ABS(N(AL77)-N(O77))<=0.01,"Y","N")) | AN77: AI_DRAFT | AO77: =IFERROR(INDEX(studies!$L:$L,MATCH($C77,studies!$A:$A,0)),"") -> Y | AP77: =IF(AND(M77="REPORTED",V77=""),"출처 누락",IF(AND(M77="NOT_FOUND",AC77=""),"검색범위 누락",IF(F77="ARM",IF(OR(H77="",H77="NA"),"arm 누락","OK"),IF(F77="COMPARISON",IF(OR(I77="",I77="NA"),"비교쌍 누락",IF(OR(G77="",G77="NA"),"analysis_id 누락","OK")),IF(F77="","","OK"))))) -> OK | AQ77: 원문 scale=ratio. EPAR 주 통계표가 체중 보정 ANCOVA
A78: G-ABP-033 | B78: P_ABP654 | C78: ST_ABP_20190230 | D78: pk_gmr_cmax | E78: =IFERROR(INDEX(field_dictionary!$B:$B,MATCH($D78,field_dictionary!$A:$A,0)),"") -> PK | F78: =IFERROR(INDEX(field_dictionary!$C:$C,MATCH($D78,field_dictionary!$A:$A,0)),"") -> COMPARISON | G78: PRIMARY | H78: NA | I78: US_RP_vs_EU_RP | J78: PK_SET | K78: Single dose | L78: CORE | M78: REPORTED | N78: 0.9423 (0.8755, 1.0143) | O78: 94.23 | P78: 87.55 | Q78: 101.43 | R78: % | S78: 79 | T78: 80 | V78: SRC_EPAR_WEZ | W78: 44 | X78: Page 44/117 | Y78: Table 5 (ANCOVA with baseline weight) | Z78: IMAGE | AD78: IMAGE(시각 확인) | AJ78: =IF(AE78="","",IF(AND(AE78=M78,ABS(N(AF78)-N(O78))<=0.01,ABS(N(AG78)-N(P78))<=0.01,ABS(N(AH78)-N(Q78))<=0.01),"Y","N")) | AM78: =IF(OR(AL78="",O78=""),"",IF(ABS(N(AL78)-N(O78))<=0.01,"Y","N")) | AN78: AI_DRAFT | AO78: =IFERROR(INDEX(studies!$L:$L,MATCH($C78,studies!$A:$A,0)),"") -> Y | AP78: =IF(AND(M78="REPORTED",V78=""),"출처 누락",IF(AND(M78="NOT_FOUND",AC78=""),"검색범위 누락",IF(F78="ARM",IF(OR(H78="",H78="NA"),"arm 누락","OK"),IF(F78="COMPARISON",IF(OR(I78="",I78="NA"),"비교쌍 누락",IF(OR(G78="",G78="NA"),"analysis_id 누락","OK")),IF(F78="","","OK"))))) -> OK | AQ78: 원문 비교 방향 = US/EU (분자 US). 뒤집지 않고 기록
A79: G-ABP-034 | B79: P_ABP654 | C79: ST_ABP_20190230 | D79: pk_equiv_concluded | E79: =IFERROR(INDEX(field_dictionary!$B:$B,MATCH($D79,field_dictionary!$A:$A,0)),"") -> PK | F79: =IFERROR(INDEX(field_dictionary!$C:$C,MATCH($D79,field_dictionary!$A:$A,0)),"") -> COMPARISON | G79: PRIMARY | H79: NA | I79: TEST_vs_EU_RP | J79: PK_SET | L79: CORE | M79: REPORTED | N79: Y | V79: SRC_EPAR_WEZ | W79: 44 | X79: Page 44/117 | Y79: Table 4 아래 본문 | Z79: TEXT | AA79: Therefore, PK similarity was demonstrated between ABP 654 and ustekinumab (US), ABP 654 and ustekinumab (EU), and ustekinumab (US) and ustekinumab (EU). | AD79: PASS | AJ79: =IF(AE79="","",IF(AND(AE79=M79,ABS(N(AF79)-N(O79))<=0.01,ABS(N(AG79)-N(P79))<=0.01,ABS(N(AH79)-N(Q79))<=0.01),"Y","N")) | AM79: =IF(OR(AL79="",O79=""),"",IF(ABS(N(AL79)-N(O79))<=0.01,"Y","N")) | AN79: AI_DRAFT | AO79: =IFERROR(INDEX(studies!$L:$L,MATCH($C79,studies!$A:$A,0)),"") -> Y | AP79: =IF(AND(M79="REPORTED",V79=""),"출처 누락",IF(AND(M79="NOT_FOUND",AC79=""),"검색범위 누락",IF(F79="ARM",IF(OR(H79="",H79="NA"),"arm 누락","OK"),IF(F79="COMPARISON",IF(OR(I79="",I79="NA"),"비교쌍 누락",IF(OR(G79="",G79="NA"),"analysis_id 누락","OK")),IF(F79="","","OK"))))) -> OK
A80: G-ABP-035 | B80: P_ABP654 | C80: ST_ABP_20190230 | D80: pk_equiv_concluded | E80: =IFERROR(INDEX(field_dictionary!$B:$B,MATCH($D80,field_dictionary!$A:$A,0)),"") -> PK | F80: =IFERROR(INDEX(field_dictionary!$C:$C,MATCH($D80,field_dictionary!$A:$A,0)),"") -> COMPARISON | G80: PRIMARY | H80: NA | I80: TEST_vs_US_RP | J80: PK_SET | L80: CORE | M80: REPORTED | N80: Y | V80: SRC_EPAR_WEZ | W80: 44 | X80: Page 44/117 | Y80: Table 4 아래 본문 | Z80: TEXT | AA80: Therefore, PK similarity was demonstrated between ABP 654 and ustekinumab (US), ABP 654 and ustekinumab (EU), and ustekinumab (US) and ustekinumab (EU). | AD80: PASS | AJ80: =IF(AE80="","",IF(AND(AE80=M80,ABS(N(AF80)-N(O80))<=0.01,ABS(N(AG80)-N(P80))<=0.01,ABS(N(AH80)-N(Q80))<=0.01),"Y","N")) | AM80: =IF(OR(AL80="",O80=""),"",IF(ABS(N(AL80)-N(O80))<=0.01,"Y","N")) | AN80: AI_DRAFT | AO80: =IFERROR(INDEX(studies!$L:$L,MATCH($C80,studies!$A:$A,0)),"") -> Y | AP80: =IF(AND(M80="REPORTED",V80=""),"출처 누락",IF(AND(M80="NOT_FOUND",AC80=""),"검색범위 누락",IF(F80="ARM",IF(OR(H80="",H80="NA"),"arm 누락","OK"),IF(F80="COMPARISON",IF(OR(I80="",I80="NA"),"비교쌍 누락",IF(OR(G80="",G80="NA"),"analysis_id 누락","OK")),IF(F80="","","OK"))))) -> OK
A81: G-ABP-036 | B81: P_ABP654 | C81: ST_ABP_20190230 | D81: pk_equiv_concluded | E81: =IFERROR(INDEX(field_dictionary!$B:$B,MATCH($D81,field_dictionary!$A:$A,0)),"") -> PK | F81: =IFERROR(INDEX(field_dictionary!$C:$C,MATCH($D81,field_dictionary!$A:$A,0)),"") -> COMPARISON | G81: PRIMARY | H81: NA | I81: US_RP_vs_EU_RP | J81: PK_SET | L81: CORE | M81: REPORTED | N81: Y | V81: SRC_EPAR_WEZ | W81: 44 | X81: Page 44/117 | Y81: Table 4 아래 본문 | Z81: TEXT | AA81: Therefore, PK similarity was demonstrated between ABP 654 and ustekinumab (US), ABP 654 and ustekinumab (EU), and ustekinumab (US) and ustekinumab (EU). | AD81: PASS | AJ81: =IF(AE81="","",IF(AND(AE81=M81,ABS(N(AF81)-N(O81))<=0.01,ABS(N(AG81)-N(P81))<=0.01,ABS(N(AH81)-N(Q81))<=0.01),"Y","N")) | AM81: =IF(OR(AL81="",O81=""),"",IF(ABS(N(AL81)-N(O81))<=0.01,"Y","N")) | AN81: AI_DRAFT | AO81: =IFERROR(INDEX(studies!$L:$L,MATCH($C81,studies!$A:$A,0)),"") -> Y | AP81: =IF(AND(M81="REPORTED",V81=""),"출처 누락",IF(AND(M81="NOT_FOUND",AC81=""),"검색범위 누락",IF(F81="ARM",IF(OR(H81="",H81="NA"),"arm 누락","OK"),IF(F81="COMPARISON",IF(OR(I81="",I81="NA"),"비교쌍 누락",IF(OR(G81="",G81="NA"),"analysis_id 누락","OK")),IF(F81="","","OK"))))) -> OK
A82: G-CTP11-001 | B82: P_CTP43 | C82: ST_CTP43_1_1_P2 | D82: design_phase | E82: =IFERROR(INDEX(field_dictionary!$B:$B,MATCH($D82,field_dictionary!$A:$A,0)),"") -> DESIGN | F82: =IFERROR(INDEX(field_dictionary!$C:$C,MATCH($D82,field_dictionary!$A:$A,0)),"") -> STUDY | G82: NA | H82: NA | I82: NA | J82: NA | L82: CORE | M82: REPORTED | N82: Phase 1 | O82: 1 | V82: SRC_EPAR_STQ | W82: 31 | X82: Page 31/133 | Y82: Methods | Z82: TEXT | AA82: Study CT-P43 1.1 was a Phase 1, 2-part, randomised, double-blind, 3-arm, parallel group, single dose study | AD82: PASS | AJ82: =IF(AE82="","",IF(AND(AE82=M82,ABS(N(AF82)-N(O82))<=0.01,ABS(N(AG82)-N(P82))<=0.01,ABS(N(AH82)-N(Q82))<=0.01),"Y","N")) | AM82: =IF(OR(AL82="",O82=""),"",IF(ABS(N(AL82)-N(O82))<=0.01,"Y","N")) | AN82: AI_DRAFT | AO82: =IFERROR(INDEX(studies!$L:$L,MATCH($C82,studies!$A:$A,0)),"") -> Y | AP82: =IF(AND(M82="REPORTED",V82=""),"출처 누락",IF(AND(M82="NOT_FOUND",AC82=""),"검색범위 누락",IF(F82="ARM",IF(OR(H82="",H82="NA"),"arm 누락","OK"),IF(F82="COMPARISON",IF(OR(I82="",I82="NA"),"비교쌍 누락",IF(OR(G82="",G82="NA"),"analysis_id 누락","OK")),IF(F82="","","OK"))))) -> OK
A83: G-CTP11-002 | B83: P_CTP43 | C83: ST_CTP43_1_1_P2 | D83: design_population | E83: =IFERROR(INDEX(field_dictionary!$B:$B,MATCH($D83,field_dictionary!$A:$A,0)),"") -> DESIGN | F83: =IFERROR(INDEX(field_dictionary!$C:$C,MATCH($D83,field_dictionary!$A:$A,0)),"") -> STUDY | G83: NA | H83: NA | I83: NA | J83: NA | L83: CORE | M83: REPORTED | N83: healthy male subjects | V83: SRC_EPAR_STQ | W83: 31 | X83: Page 31/133 | Y83: Methods | Z83: TEXT | AA83: in healthy male subjects | AD83: PASS | AJ83: =IF(AE83="","",IF(AND(AE83=M83,ABS(N(AF83)-N(O83))<=0.01,ABS(N(AG83)-N(P83))<=0.01,ABS(N(AH83)-N(Q83))<=0.01),"Y","N")) | AM83: =IF(OR(AL83="",O83=""),"",IF(ABS(N(AL83)-N(O83))<=0.01,"Y","N")) | AN83: AI_DRAFT | AO83: =IFERROR(INDEX(studies!$L:$L,MATCH($C83,studies!$A:$A,0)),"") -> Y | AP83: =IF(AND(M83="REPORTED",V83=""),"출처 누락",IF(AND(M83="NOT_FOUND",AC83=""),"검색범위 누락",IF(F83="ARM",IF(OR(H83="",H83="NA"),"arm 누락","OK"),IF(F83="COMPARISON",IF(OR(I83="",I83="NA"),"비교쌍 누락",IF(OR(G83="",G83="NA"),"analysis_id 누락","OK")),IF(F83="","","OK"))))) -> OK
A84: G-CTP11-003 | B84: P_CTP43 | C84: ST_CTP43_1_1_P2 | D84: design_type | E84: =IFERROR(INDEX(field_dictionary!$B:$B,MATCH($D84,field_dictionary!$A:$A,0)),"") -> DESIGN | F84: =IFERROR(INDEX(field_dictionary!$C:$C,MATCH($D84,field_dictionary!$A:$A,0)),"") -> STUDY | G84: NA | H84: NA | I84: NA | J84: NA | L84: CORE | M84: REPORTED | N84: 2-part, randomised, double-blind, 3-arm, parallel group, single dose (Part 2 = PK 유사성) | V84: SRC_EPAR_STQ | W84: 31 | X84: Page 31/133 | Y84: Methods | Z84: TEXT | AA84: Study CT-P43 1.1 was a Phase 1, 2-part, randomised, double-blind, 3-arm, parallel group, single dose study | AD84: PASS | AJ84: =IF(AE84="","",IF(AND(AE84=M84,ABS(N(AF84)-N(O84))<=0.01,ABS(N(AG84)-N(P84))<=0.01,ABS(N(AH84)-N(Q84))<=0.01),"Y","N")) | AM84: =IF(OR(AL84="",O84=""),"",IF(ABS(N(AL84)-N(O84))<=0.01,"Y","N")) | AN84: AI_DRAFT | AO84: =IFERROR(INDEX(studies!$L:$L,MATCH($C84,studies!$A:$A,0)),"") -> Y | AP84: =IF(AND(M84="REPORTED",V84=""),"출처 누락",IF(AND(M84="NOT_FOUND",AC84=""),"검색범위 누락",IF(F84="ARM",IF(OR(H84="",H84="NA"),"arm 누락","OK"),IF(F84="COMPARISON",IF(OR(I84="",I84="NA"),"비교쌍 누락",IF(OR(G84="",G84="NA"),"analysis_id 누락","OK")),IF(F84="","","OK"))))) -> OK
A85: G-CTP11-004 | B85: P_CTP43 | C85: ST_CTP43_1_1_P2 | D85: dose | E85: =IFERROR(INDEX(field_dictionary!$B:$B,MATCH($D85,field_dictionary!$A:$A,0)),"") -> DESIGN | F85: =IFERROR(INDEX(field_dictionary!$C:$C,MATCH($D85,field_dictionary!$A:$A,0)),"") -> STUDY | G85: NA | H85: NA | I85: NA | J85: NA | L85: CORE | M85: REPORTED | N85: 45 mg/0.5 mL | O85: 45 | R85: mg | V85: SRC_EPAR_STQ | W85: 31 | X85: Page 31/133 | Y85: Methods | Z85: TEXT | AA85: subjects were randomised in a 1:1:1 ratio to receive a single dose (45 mg/0.5 mL) of CT-P43, EU-approved Stelara, or US-licensed Stelara. | AD85: PASS | AJ85: =IF(AE85="","",IF(AND(AE85=M85,ABS(N(AF85)-N(O85))<=0.01,ABS(N(AG85)-N(P85))<=0.01,ABS(N(AH85)-N(Q85))<=0.01),"Y","N")) | AM85: =IF(OR(AL85="",O85=""),"",IF(ABS(N(AL85)-N(O85))<=0.01,"Y","N")) | AN85: AI_DRAFT | AO85: =IFERROR(INDEX(studies!$L:$L,MATCH($C85,studies!$A:$A,0)),"") -> Y | AP85: =IF(AND(M85="REPORTED",V85=""),"출처 누락",IF(AND(M85="NOT_FOUND",AC85=""),"검색범위 누락",IF(F85="ARM",IF(OR(H85="",H85="NA"),"arm 누락","OK"),IF(F85="COMPARISON",IF(OR(I85="",I85="NA"),"비교쌍 누락",IF(OR(G85="",G85="NA"),"analysis_id 누락","OK")),IF(F85="","","OK"))))) -> OK
A86: G-CTP11-005 | B86: P_CTP43 | C86: ST_CTP43_1_1_P2 | D86: route | E86: =IFERROR(INDEX(field_dictionary!$B:$B,MATCH($D86,field_dictionary!$A:$A,0)),"") -> DESIGN | F86: =IFERROR(INDEX(field_dictionary!$C:$C,MATCH($D86,field_dictionary!$A:$A,0)),"") -> STUDY | G86: NA | H86: NA | I86: NA | J86: NA | L86: CORE | M86: REPORTED | N86: SC (PFS) | V86: SRC_EPAR_STQ | W86: 31 | X86: Page 31/133 | Y86: Methods | Z86: TEXT | AA86: administered subcutaneously via pre-filled syringe (PFS) on Day 1 | AD86: PASS | AJ86: =IF(AE86="","",IF(AND(AE86=M86,ABS(N(AF86)-N(O86))<=0.01,ABS(N(AG86)-N(P86))<=0.01,ABS(N(AH86)-N(Q86))<=0.01),"Y","N")) | AM86: =IF(OR(AL86="",O86=""),"",IF(ABS(N(AL86)-N(O86))<=0.01,"Y","N")) | AN86: AI_DRAFT | AO86: =IFERROR(INDEX(studies!$L:$L,MATCH($C86,studies!$A:$A,0)),"") -> Y | AP86: =IF(AND(M86="REPORTED",V86=""),"출처 누락",IF(AND(M86="NOT_FOUND",AC86=""),"검색범위 누락",IF(F86="ARM",IF(OR(H86="",H86="NA"),"arm 누락","OK"),IF(F86="COMPARISON",IF(OR(I86="",I86="NA"),"비교쌍 누락",IF(OR(G86="",G86="NA"),"analysis_id 누락","OK")),IF(F86="","","OK"))))) -> OK
A87: G-CTP11-006 | B87: P_CTP43 | C87: ST_CTP43_1_1_P2 | D87: primary_pk_endpoints | E87: =IFERROR(INDEX(field_dictionary!$B:$B,MATCH($D87,field_dictionary!$A:$A,0)),"") -> DESIGN | F87: =IFERROR(INDEX(field_dictionary!$C:$C,MATCH($D87,field_dictionary!$A:$A,0)),"") -> STUDY | G87: NA | H87: NA | I87: NA | J87: NA | L87: CORE | M87: REPORTED | N87: AUC0-inf; Cmax | V87: SRC_EPAR_STQ | W87: 31 | X87: Page 31/133 | Y87: Primary objective | Z87: TEXT | AA87: To demonstrate pharmacokinetic (PK) similarity in terms of area under the concentration-time curve from time zero to infinity (AUC0-inf) and maximum serum concentration (Cmax) | AD87: PASS | AJ87: =IF(AE87="","",IF(AND(AE87=M87,ABS(N(AF87)-N(O87))<=0.01,ABS(N(AG87)-N(P87))<=0.01,ABS(N(AH87)-N(Q87))<=0.01),"Y","N")) | AM87: =IF(OR(AL87="",O87=""),"",IF(ABS(N(AL87)-N(O87))<=0.01,"Y","N")) | AN87: AI_DRAFT | AO87: =IFERROR(INDEX(studies!$L:$L,MATCH($C87,studies!$A:$A,0)),"") -> Y | AP87: =IF(AND(M87="REPORTED",V87=""),"출처 누락",IF(AND(M87="NOT_FOUND",AC87=""),"검색범위 누락",IF(F87="ARM",IF(OR(H87="",H87="NA"),"arm 누락","OK"),IF(F87="COMPARISON",IF(OR(I87="",I87="NA"),"비교쌍 누락",IF(OR(G87="",G87="NA"),"analysis_id 누락","OK")),IF(F87="","","OK"))))) -> OK
A88: G-CTP11-007 | B88: P_CTP43 | C88: ST_CTP43_1_1_P2 | D88: equiv_margin | E88: =IFERROR(INDEX(field_dictionary!$B:$B,MATCH($D88,field_dictionary!$A:$A,0)),"") -> DESIGN | F88: =IFERROR(INDEX(field_dictionary!$C:$C,MATCH($D88,field_dictionary!$A:$A,0)),"") -> STUDY | G88: NA | H88: NA | I88: NA | J88: NA | L88: CORE | M88: REPORTED | N88: 80.00% to 125.00% | R88: % | V88: SRC_EPAR_STQ | W88: 31 | X88: Page 31/133 | Y88: Statistical methods | Z88: TEXT | AA88: were to be contained within the acceptance interval of 80.00% to 125.00% to demonstrate similarity | AD88: PASS | AJ88: =IF(AE88="","",IF(AND(AE88=M88,ABS(N(AF88)-N(O88))<=0.01,ABS(N(AG88)-N(P88))<=0.01,ABS(N(AH88)-N(Q88))<=0.01),"Y","N")) | AM88: =IF(OR(AL88="",O88=""),"",IF(ABS(N(AL88)-N(O88))<=0.01,"Y","N")) | AN88: AI_DRAFT | AO88: =IFERROR(INDEX(studies!$L:$L,MATCH($C88,studies!$A:$A,0)),"") -> Y | AP88: =IF(AND(M88="REPORTED",V88=""),"출처 누락",IF(AND(M88="NOT_FOUND",AC88=""),"검색범위 누락",IF(F88="ARM",IF(OR(H88="",H88="NA"),"arm 누락","OK"),IF(F88="COMPARISON",IF(OR(I88="",I88="NA"),"비교쌍 누락",IF(OR(G88="",G88="NA"),"analysis_id 누락","OK")),IF(F88="","","OK"))))) -> OK
A89: G-CTP11-008 | B89: P_CTP43 | C89: ST_CTP43_1_1_P2 | D89: ada_assay | E89: =IFERROR(INDEX(field_dictionary!$B:$B,MATCH($D89,field_dictionary!$A:$A,0)),"") -> IMMUNO | F89: =IFERROR(INDEX(field_dictionary!$C:$C,MATCH($D89,field_dictionary!$A:$A,0)),"") -> STUDY | G89: NA | H89: NA | I89: NA | J89: NA | L89: CORE | M89: REPORTED | N89: MSD-ECL / MSD-ECL with SPEAD | V89: SRC_EPAR_STQ | W89: 30 | X89: Page 30/133 | Y89: Bioanalytical methods | Z89: TEXT | AA89: (using MSD-ECL and MSD-ECL with SPEAD) | AD89: PASS | AJ89: =IF(AE89="","",IF(AND(AE89=M89,ABS(N(AF89)-N(O89))<=0.01,ABS(N(AG89)-N(P89))<=0.01,ABS(N(AH89)-N(Q89))<=0.01),"Y","N")) | AM89: =IF(OR(AL89="",O89=""),"",IF(ABS(N(AL89)-N(O89))<=0.01,"Y","N")) | AN89: AI_DRAFT | AO89: =IFERROR(INDEX(studies!$L:$L,MATCH($C89,studies!$A:$A,0)),"") -> Y | AP89: =IF(AND(M89="REPORTED",V89=""),"출처 누락",IF(AND(M89="NOT_FOUND",AC89=""),"검색범위 누락",IF(F89="ARM",IF(OR(H89="",H89="NA"),"arm 누락","OK"),IF(F89="COMPARISON",IF(OR(I89="",I89="NA"),"비교쌍 누락",IF(OR(G89="",G89="NA"),"analysis_id 누락","OK")),IF(F89="","","OK"))))) -> OK | AQ89: ADA·NAb 분석법을 이름으로 구분하지 않음. 두 1상 시험 공통 서술
A90: G-CTP12-001 | B90: P_CTP43 | C90: ST_CTP43_1_2 | D90: design_phase | E90: =IFERROR(INDEX(field_dictionary!$B:$B,MATCH($D90,field_dictionary!$A:$A,0)),"") -> DESIGN | F90: =IFERROR(INDEX(field_dictionary!$C:$C,MATCH($D90,field_dictionary!$A:$A,0)),"") -> STUDY | G90: NA | H90: NA | I90: NA | J90: NA | L90: CORE | M90: REPORTED | N90: Phase I | O90: 1 | V90: SRC_EPAR_STQ | W90: 39 | X90: Page 39/133 | Y90: Methods | Z90: TEXT | AA90: Study CT-P43 1.2 was a Phase I, Randomised, Double-Blind, Parallel Group, Single-Dose Study | AD90: PASS | AJ90: =IF(AE90="","",IF(AND(AE90=M90,ABS(N(AF90)-N(O90))<=0.01,ABS(N(AG90)-N(P90))<=0.01,ABS(N(AH90)-N(Q90))<=0.01),"Y","N")) | AM90: =IF(OR(AL90="",O90=""),"",IF(ABS(N(AL90)-N(O90))<=0.01,"Y","N")) | AN90: AI_DRAFT | AO90: =IFERROR(INDEX(studies!$L:$L,MATCH($C90,studies!$A:$A,0)),"") -> Y | AP90: =IF(AND(M90="REPORTED",V90=""),"출처 누락",IF(AND(M90="NOT_FOUND",AC90=""),"검색범위 누락",IF(F90="ARM",IF(OR(H90="",H90="NA"),"arm 누락","OK"),IF(F90="COMPARISON",IF(OR(I90="",I90="NA"),"비교쌍 누락",IF(OR(G90="",G90="NA"),"analysis_id 누락","OK")),IF(F90="","","OK"))))) -> OK
A91: G-CTP12-002 | B91: P_CTP43 | C91: ST_CTP43_1_2 | D91: design_population | E91: =IFERROR(INDEX(field_dictionary!$B:$B,MATCH($D91,field_dictionary!$A:$A,0)),"") -> DESIGN | F91: =IFERROR(INDEX(field_dictionary!$C:$C,MATCH($D91,field_dictionary!$A:$A,0)),"") -> STUDY | G91: NA | H91: NA | I91: NA | J91: NA | L91: CORE | M91: REPORTED | N91: Healthy Japanese male subjects | V91: SRC_EPAR_STQ | W91: 39 | X91: Page 39/133 | Y91: Methods | Z91: TEXT | AA91: in Healthy Japanese Male Subjects | AD91: PASS | AJ91: =IF(AE91="","",IF(AND(AE91=M91,ABS(N(AF91)-N(O91))<=0.01,ABS(N(AG91)-N(P91))<=0.01,ABS(N(AH91)-N(Q91))<=0.01),"Y","N")) | AM91: =IF(OR(AL91="",O91=""),"",IF(ABS(N(AL91)-N(O91))<=0.01,"Y","N")) | AN91: AI_DRAFT | AO91: =IFERROR(INDEX(studies!$L:$L,MATCH($C91,studies!$A:$A,0)),"") -> Y | AP91: =IF(AND(M91="REPORTED",V91=""),"출처 누락",IF(AND(M91="NOT_FOUND",AC91=""),"검색범위 누락",IF(F91="ARM",IF(OR(H91="",H91="NA"),"arm 누락","OK"),IF(F91="COMPARISON",IF(OR(I91="",I91="NA"),"비교쌍 누락",IF(OR(G91="",G91="NA"),"analysis_id 누락","OK")),IF(F91="","","OK"))))) -> OK
A92: G-CTP12-003 | B92: P_CTP43 | C92: ST_CTP43_1_2 | D92: design_type | E92: =IFERROR(INDEX(field_dictionary!$B:$B,MATCH($D92,field_dictionary!$A:$A,0)),"") -> DESIGN | F92: =IFERROR(INDEX(field_dictionary!$C:$C,MATCH($D92,field_dictionary!$A:$A,0)),"") -> STUDY | G92: NA | H92: NA | I92: NA | J92: NA | L92: CORE | M92: REPORTED | N92: Randomised, Double-Blind, Parallel Group, Single-Dose (3군: CT-P43, EU-, US-Stelara) | V92: SRC_EPAR_STQ | W92: 39 | X92: Page 39/133 | Y92: Methods | Z92: TEXT | AA92: Study CT-P43 1.2 was a Phase I, Randomised, Double-Blind, Parallel Group, Single-Dose Study | AD92: PASS | AJ92: =IF(AE92="","",IF(AND(AE92=M92,ABS(N(AF92)-N(O92))<=0.01,ABS(N(AG92)-N(P92))<=0.01,ABS(N(AH92)-N(Q92))<=0.01),"Y","N")) | AM92: =IF(OR(AL92="",O92=""),"",IF(ABS(N(AL92)-N(O92))<=0.01,"Y","N")) | AN92: AI_DRAFT | AO92: =IFERROR(INDEX(studies!$L:$L,MATCH($C92,studies!$A:$A,0)),"") -> Y | AP92: =IF(AND(M92="REPORTED",V92=""),"출처 누락",IF(AND(M92="NOT_FOUND",AC92=""),"검색범위 누락",IF(F92="ARM",IF(OR(H92="",H92="NA"),"arm 누락","OK"),IF(F92="COMPARISON",IF(OR(I92="",I92="NA"),"비교쌍 누락",IF(OR(G92="",G92="NA"),"analysis_id 누락","OK")),IF(F92="","","OK"))))) -> OK
A93: G-CTP12-004 | B93: P_CTP43 | C93: ST_CTP43_1_2 | D93: dose | E93: =IFERROR(INDEX(field_dictionary!$B:$B,MATCH($D93,field_dictionary!$A:$A,0)),"") -> DESIGN | F93: =IFERROR(INDEX(field_dictionary!$C:$C,MATCH($D93,field_dictionary!$A:$A,0)),"") -> STUDY | G93: NA | H93: NA | I93: NA | J93: NA | L93: CORE | M93: REPORTED | N93: 45 mg/0.5 mL | O93: 45 | R93: mg | V93: SRC_EPAR_STQ | W93: 39 | X93: Page 39/133 | Y93: Methods | Z93: TEXT | AA93: randomised in a 1:1:1 ratio to receive a single dose (45 mg/0.5 mL) of CT-P43, EU-approved Stelara or US-licensed Stelara. | AD93: PASS | AJ93: =IF(AE93="","",IF(AND(AE93=M93,ABS(N(AF93)-N(O93))<=0.01,ABS(N(AG93)-N(P93))<=0.01,ABS(N(AH93)-N(Q93))<=0.01),"Y","N")) | AM93: =IF(OR(AL93="",O93=""),"",IF(ABS(N(AL93)-N(O93))<=0.01,"Y","N")) | AN93: AI_DRAFT | AO93: =IFERROR(INDEX(studies!$L:$L,MATCH($C93,studies!$A:$A,0)),"") -> Y | AP93: =IF(AND(M93="REPORTED",V93=""),"출처 누락",IF(AND(M93="NOT_FOUND",AC93=""),"검색범위 누락",IF(F93="ARM",IF(OR(H93="",H93="NA"),"arm 누락","OK"),IF(F93="COMPARISON",IF(OR(I93="",I93="NA"),"비교쌍 누락",IF(OR(G93="",G93="NA"),"analysis_id 누락","OK")),IF(F93="","","OK"))))) -> OK
A94: G-CTP12-005 | B94: P_CTP43 | C94: ST_CTP43_1_2 | D94: route | E94: =IFERROR(INDEX(field_dictionary!$B:$B,MATCH($D94,field_dictionary!$A:$A,0)),"") -> DESIGN | F94: =IFERROR(INDEX(field_dictionary!$C:$C,MATCH($D94,field_dictionary!$A:$A,0)),"") -> STUDY | G94: NA | H94: NA | I94: NA | J94: NA | L94: CORE | M94: REPORTED | N94: SC (PFS) | V94: SRC_EPAR_STQ | W94: 39 | X94: Page 39/133 | Y94: Methods | Z94: TEXT | AA94: All subjects received a single dose of study drug subcutaneously via PFS on Day 1 | AD94: PASS | AJ94: =IF(AE94="","",IF(AND(AE94=M94,ABS(N(AF94)-N(O94))<=0.01,ABS(N(AG94)-N(P94))<=0.01,ABS(N(AH94)-N(Q94))<=0.01),"Y","N")) | AM94: =IF(OR(AL94="",O94=""),"",IF(ABS(N(AL94)-N(O94))<=0.01,"Y","N")) | AN94: AI_DRAFT | AO94: =IFERROR(INDEX(studies!$L:$L,MATCH($C94,studies!$A:$A,0)),"") -> Y | AP94: =IF(AND(M94="REPORTED",V94=""),"출처 누락",IF(AND(M94="NOT_FOUND",AC94=""),"검색범위 누락",IF(F94="ARM",IF(OR(H94="",H94="NA"),"arm 누락","OK"),IF(F94="COMPARISON",IF(OR(I94="",I94="NA"),"비교쌍 누락",IF(OR(G94="",G94="NA"),"analysis_id 누락","OK")),IF(F94="","","OK"))))) -> OK
A95: G-CTP12-006 | B95: P_CTP43 | C95: ST_CTP43_1_2 | D95: primary_pk_endpoints | E95: =IFERROR(INDEX(field_dictionary!$B:$B,MATCH($D95,field_dictionary!$A:$A,0)),"") -> DESIGN | F95: =IFERROR(INDEX(field_dictionary!$C:$C,MATCH($D95,field_dictionary!$A:$A,0)),"") -> STUDY | G95: NA | H95: NA | I95: NA | J95: NA | L95: CORE | M95: REPORTED | N95: Cmax; AUC0-inf | V95: SRC_EPAR_STQ | W95: 39 | X95: Page 39/133 | Y95: Primary objective | Z95: TEXT | AA95: as well as to demonstrate similarity between EU-Stelara and US-Stelara, in terms of Cmax and AUC0-inf. | AD95: PASS | AJ95: =IF(AE95="","",IF(AND(AE95=M95,ABS(N(AF95)-N(O95))<=0.01,ABS(N(AG95)-N(P95))<=0.01,ABS(N(AH95)-N(Q95))<=0.01),"Y","N")) | AM95: =IF(OR(AL95="",O95=""),"",IF(ABS(N(AL95)-N(O95))<=0.01,"Y","N")) | AN95: AI_DRAFT | AO95: =IFERROR(INDEX(studies!$L:$L,MATCH($C95,studies!$A:$A,0)),"") -> Y | AP95: =IF(AND(M95="REPORTED",V95=""),"출처 누락",IF(AND(M95="NOT_FOUND",AC95=""),"검색범위 누락",IF(F95="ARM",IF(OR(H95="",H95="NA"),"arm 누락","OK"),IF(F95="COMPARISON",IF(OR(I95="",I95="NA"),"비교쌍 누락",IF(OR(G95="",G95="NA"),"analysis_id 누락","OK")),IF(F95="","","OK"))))) -> OK
A96: G-CTP12-007 | B96: P_CTP43 | C96: ST_CTP43_1_2 | D96: equiv_margin | E96: =IFERROR(INDEX(field_dictionary!$B:$B,MATCH($D96,field_dictionary!$A:$A,0)),"") -> DESIGN | F96: =IFERROR(INDEX(field_dictionary!$C:$C,MATCH($D96,field_dictionary!$A:$A,0)),"") -> STUDY | G96: NA | H96: NA | I96: NA | J96: NA | L96: CORE | M96: REPORTED | N96: 80.00% to 125.00% | R96: % | V96: SRC_EPAR_STQ | W96: 40 | X96: Page 40/133 | Y96: Statistical methods | Z96: TEXT | AA96: were to be contained within the acceptance interval of 80.00% to 125.00% to demonstrate similarity | AD96: PASS | AJ96: =IF(AE96="","",IF(AND(AE96=M96,ABS(N(AF96)-N(O96))<=0.01,ABS(N(AG96)-N(P96))<=0.01,ABS(N(AH96)-N(Q96))<=0.01),"Y","N")) | AM96: =IF(OR(AL96="",O96=""),"",IF(ABS(N(AL96)-N(O96))<=0.01,"Y","N")) | AN96: AI_DRAFT | AO96: =IFERROR(INDEX(studies!$L:$L,MATCH($C96,studies!$A:$A,0)),"") -> Y | AP96: =IF(AND(M96="REPORTED",V96=""),"출처 누락",IF(AND(M96="NOT_FOUND",AC96=""),"검색범위 누락",IF(F96="ARM",IF(OR(H96="",H96="NA"),"arm 누락","OK"),IF(F96="COMPARISON",IF(OR(I96="",I96="NA"),"비교쌍 누락",IF(OR(G96="",G96="NA"),"analysis_id 누락","OK")),IF(F96="","","OK"))))) -> OK
A97: G-CTP12-008 | B97: P_CTP43 | C97: ST_CTP43_1_2 | D97: ada_assay | E97: =IFERROR(INDEX(field_dictionary!$B:$B,MATCH($D97,field_dictionary!$A:$A,0)),"") -> IMMUNO | F97: =IFERROR(INDEX(field_dictionary!$C:$C,MATCH($D97,field_dictionary!$A:$A,0)),"") -> STUDY | G97: NA | H97: NA | I97: NA | J97: NA | L97: CORE | M97: REPORTED | N97: MSD-ECL / MSD-ECL with SPEAD | V97: SRC_EPAR_STQ | W97: 30 | X97: Page 30/133 | Y97: Bioanalytical methods | Z97: TEXT | AA97: (using MSD-ECL and MSD-ECL with SPEAD) | AD97: PASS | AJ97: =IF(AE97="","",IF(AND(AE97=M97,ABS(N(AF97)-N(O97))<=0.01,ABS(N(AG97)-N(P97))<=0.01,ABS(N(AH97)-N(Q97))<=0.01),"Y","N")) | AM97: =IF(OR(AL97="",O97=""),"",IF(ABS(N(AL97)-N(O97))<=0.01,"Y","N")) | AN97: AI_DRAFT | AO97: =IFERROR(INDEX(studies!$L:$L,MATCH($C97,studies!$A:$A,0)),"") -> Y | AP97: =IF(AND(M97="REPORTED",V97=""),"출처 누락",IF(AND(M97="NOT_FOUND",AC97=""),"검색범위 누락",IF(F97="ARM",IF(OR(H97="",H97="NA"),"arm 누락","OK"),IF(F97="COMPARISON",IF(OR(I97="",I97="NA"),"비교쌍 누락",IF(OR(G97="",G97="NA"),"analysis_id 누락","OK")),IF(F97="","","OK"))))) -> OK | AQ97: ADA·NAb 분석법을 이름으로 구분하지 않음. 두 1상 시험 공통 서술
A98: G-CTP11-009 | B98: P_CTP43 | C98: ST_CTP43_1_1_P2 | D98: n_randomized | E98: =IFERROR(INDEX(field_dictionary!$B:$B,MATCH($D98,field_dictionary!$A:$A,0)),"") -> DESIGN | F98: =IFERROR(INDEX(field_dictionary!$C:$C,MATCH($D98,field_dictionary!$A:$A,0)),"") -> ARM | G98: NA | H98: TEST | I98: NA | J98: RANDOMIZED | L98: CORE | M98: REPORTED | N98: 80 | O98: 80 | R98: 명 | V98: SRC_EPAR_STQ | W98: 32 | X98: Page 32/133 | Y98: Results | Z98: TEXT | AA98: A total of 241 subjects were randomly assigned to a treatment group for Part 2 (80 subjects in the CT- P43 treatment group, 82 subjects in the EU-approved Stelara, and 79 subjects in the US-licensed Stelara treatment group). | AB98: p29 Table 2 (Part 2 Randomised: 241) | AD98: PASS | AJ98: =IF(AE98="","",IF(AND(AE98=M98,ABS(N(AF98)-N(O98))<=0.01,ABS(N(AG98)-N(P98))<=0.01,ABS(N(AH98)-N(Q98))<=0.01),"Y","N")) | AM98: =IF(OR(AL98="",O98=""),"",IF(ABS(N(AL98)-N(O98))<=0.01,"Y","N")) | AN98: AI_DRAFT | AO98: =IFERROR(INDEX(studies!$L:$L,MATCH($C98,studies!$A:$A,0)),"") -> Y | AP98: =IF(AND(M98="REPORTED",V98=""),"출처 누락",IF(AND(M98="NOT_FOUND",AC98=""),"검색범위 누락",IF(F98="ARM",IF(OR(H98="",H98="NA"),"arm 누락","OK"),IF(F98="COMPARISON",IF(OR(I98="",I98="NA"),"비교쌍 누락",IF(OR(G98="",G98="NA"),"analysis_id 누락","OK")),IF(F98="","","OK"))))) -> OK
A99: G-CTP11-010 | B99: P_CTP43 | C99: ST_CTP43_1_1_P2 | D99: n_randomized | E99: =IFERROR(INDEX(field_dictionary!$B:$B,MATCH($D99,field_dictionary!$A:$A,0)),"") -> DESIGN | F99: =IFERROR(INDEX(field_dictionary!$C:$C,MATCH($D99,field_dictionary!$A:$A,0)),"") -> ARM | G99: NA | H99: EU_RP | I99: NA | J99: RANDOMIZED | L99: CORE | M99: REPORTED | N99: 82 | O99: 82 | R99: 명 | V99: SRC_EPAR_STQ | W99: 32 | X99: Page 32/133 | Y99: Results | Z99: TEXT | AA99: A total of 241 subjects were randomly assigned to a treatment group for Part 2 (80 subjects in the CT- P43 treatment group, 82 subjects in the EU-approved Stelara, and 79 subjects in the US-licensed Stelara treatment group). | AB99: p29 Table 2 (Part 2 Randomised: 241) | AD99: PASS | AJ99: =IF(AE99="","",IF(AND(AE99=M99,ABS(N(AF99)-N(O99))<=0.01,ABS(N(AG99)-N(P99))<=0.01,ABS(N(AH99)-N(Q99))<=0.01),"Y","N")) | AM99: =IF(OR(AL99="",O99=""),"",IF(ABS(N(AL99)-N(O99))<=0.01,"Y","N")) | AN99: AI_DRAFT | AO99: =IFERROR(INDEX(studies!$L:$L,MATCH($C99,studies!$A:$A,0)),"") -> Y | AP99: =IF(AND(M99="REPORTED",V99=""),"출처 누락",IF(AND(M99="NOT_FOUND",AC99=""),"검색범위 누락",IF(F99="ARM",IF(OR(H99="",H99="NA"),"arm 누락","OK"),IF(F99="COMPARISON",IF(OR(I99="",I99="NA"),"비교쌍 누락",IF(OR(G99="",G99="NA"),"analysis_id 누락","OK")),IF(F99="","","OK"))))) -> OK
A100: G-CTP11-011 | B100: P_CTP43 | C100: ST_CTP43_1_1_P2 | D100: n_randomized | E100: =IFERROR(INDEX(field_dictionary!$B:$B,MATCH($D100,field_dictionary!$A:$A,0)),"") -> DESIGN | F100: =IFERROR(INDEX(field_dictionary!$C:$C,MATCH($D100,field_dictionary!$A:$A,0)),"") -> ARM | G100: NA | H100: US_RP | I100: NA | J100: RANDOMIZED | L100: CORE | M100: REPORTED | N100: 79 | O100: 79 | R100: 명 | V100: SRC_EPAR_STQ | W100: 32 | X100: Page 32/133 | Y100: Results | Z100: TEXT | AA100: A total of 241 subjects were randomly assigned to a treatment group for Part 2 (80 subjects in the CT- P43 treatment group, 82 subjects in the EU-approved Stelara, and 79 subjects in the US-licensed Stelara treatment group). | AB100: p29 Table 2 (Part 2 Randomised: 241) | AD100: PASS | AJ100: =IF(AE100="","",IF(AND(AE100=M100,ABS(N(AF100)-N(O100))<=0.01,ABS(N(AG100)-N(P100))<=0.01,ABS(N(AH100)-N(Q100))<=0.01),"Y","N")) | AM100: =IF(OR(AL100="",O100=""),"",IF(ABS(N(AL100)-N(O100))<=0.01,"Y","N")) | AN100: AI_DRAFT | AO100: =IFERROR(INDEX(studies!$L:$L,MATCH($C100,studies!$A:$A,0)),"") -> Y | AP100: =IF(AND(M100="REPORTED",V100=""),"출처 누락",IF(AND(M100="NOT_FOUND",AC100=""),"검색범위 누락",IF(F100="ARM",IF(OR(H100="",H100="NA"),"arm 누락","OK"),IF(F100="COMPARISON",IF(OR(I100="",I100="NA"),"비교쌍 누락",IF(OR(G100="",G100="NA"),"analysis_id 누락","OK")),IF(F100="","","OK"))))) -> OK
...

Sheet studies
A1: study_key | B1: product_id | C1: sponsor_study_code | D1: registry_ids | E1: phase | F1: population | G1: design | H1: purpose | I1: role_in_dossier | J1: arms_randomized | K1: dose_route | L1: in_eval_set | M1: selection_reason | N1: epar_location | O1: verified | P1: notes
A2: ST_SB17_1001 | B2: P_SB17 | C2: SB17-1001 | D2: NCT04772274 | E2: 1 | F2: 건강인 남녀 18–55세 | G2: 무작위, 이중맹검, 3군 병행, 단회투여 | H2: PK_SIMILARITY | I2: PIVOTAL_PK | J2: SB17 67 / EU 67 / US 67 (총 201) | K2: 45 mg SC | L2: Y | M2: EMA 판정은 SB17 vs EU 비교 | N2: Pyzchiva EPAR p37–51, 49–50 | O2: Y | P2: 등록 ID는 수집 seed(CT.gov) 기준. EPAR에는 NCT 미기재
A3: ST_SB17_3001 | B3: P_SB17 | C3: SB17-3001 | D3: NCT04967508 | E3: 3 | F3: 중등도–중증 판상 건선 | G3: 무작위, 이중맹검, 다기관 | H3: EFFICACY_EQUIV | I3: PIVOTAL_EFFICACY | J3: PK 하위연구 142 (71/71) | K3: - | L3: N | M3: 효능 시험. 면역원성 확장 시 후보 | N3: p37, p52 | O3: Y
A4: ST_ABP_20190230 | B4: P_ABP654 | C4: 20190230 | D4: EPAR 미기재 | E4: 1 | F4: 건강인 18–45세, 체중 50–90 kg | G4: 무작위, 이중맹검, 단회투여, 3군 병행 | H4: PK_SIMILARITY | I4: PIVOTAL_PK | J4: 총 238 (군별 수 EPAR 미기재) | K4: 90 mg SC | L4: Y | M4: 유일한 PK 유사성 시험 | N4: Wezenla EPAR p41–48, 93–94 | O4: Y | P4: 등록 ID를 임의로 채우지 않음(웹 검색으로도 미확인)
A5: ST_ABP_20190232 | B5: P_ABP654 | C5: 20190232 | D5: NCT04607980 | E5: 3 | F5: 중등도–중증 판상 건선 | G5: 무작위, 다기관, 이중맹검, 활성대조. 28주 재무작위배정(스위칭) | H5: EFFICACY_EQUIV | I5: PIVOTAL_EFFICACY | J5: 563 | K5: 45/90 mg SC (체중별) | L5: N | M5: 효능 시험 | N5: p41, 45–46, 49 | O5: Y
A6: ST_ABP_20200417 | B6: P_ABP654 | C6: 20200417 | D6: NCT04761627; EudraCT 2020-005205-42 | E6: 3 | F6: 판상 건선 | G6: 상호교환성(스위칭) 시험 | H6: SWITCHING | I6: NOT_IN_EPAR | J6: 494 (등록부) | K6: - | L6: N | M6: 함정 사례: 'ABP 654 PK 결과'에 섞이기 쉬움 | N6: EPAR 언급 없음 | O6: Y | P6: v0.1에서 '20190232와 같은 시험일 수 있음'으로 둔 항목 → 별개 시험으로 확인(등록부 참여자 수 494 일치)
A7: ST_ABP_DEV | B7: P_ABP654 | C7: 확인 필요 | D7: 확인 필요 | E7: 1 | F7: 건강인 | G7: PFS vs 자동주사기 | H7: DEVICE_BRIDGING | I7: NOT_IN_EPAR | L7: N | M7: 기기 비교. 바이오시밀러성 근거 아님 | N7: EPAR 언급 없음 | O7: N | P7: PMC12875155
A8: ST_CTP43_1_1_P2 | B8: P_CTP43 | C8: CT-P43 1.1 (Part 2) | D8: NCT04428814 | E8: 1 | F8: 건강인 남성 | G8: 2파트; Part 2 = 무작위, 이중맹검, 3군 병행, 단회투여 | H8: PK_SIMILARITY | I8: PIVOTAL_PK | J8: CT-P43 80 / EU 82 / US 79 (총 241) | K8: 45 mg SC (PFS) | L8: Y | M8: AUC 동등성 미충족 시험 — 실패 사례로서 평가 가치 높음 | N8: Steqeyma EPAR p29–39, 110–111 | O8: Y | P8: Part 1(30명, CT-P43 14 / EU 16)은 안전성 파트로 평가 제외
A9: ST_CTP43_1_2 | B9: P_CTP43 | C9: CT-P43 1.2 | D9: EPAR 미기재 | E9: 1 | F9: 건강한 일본인 남성 | G9: 무작위, 이중맹검, 3군 병행, 단회투여 | H9: PK_SIMILARITY | I9: REPEAT_PK | J9: CT-P43 114 / EU 110 / US 107 (총 331) | K9: 45 mg SC (PFS) | L9: Y | M9: 1.1 Part 2 실패 후 단백질 함량을 맞춘 배치로 재수행 | N9: p29–30, 39–46, 111–112 | O9: Y | P9: 등록 ID 미확인(일본 등록부일 가능성)
A10: ST_CTP43_POOLED | B10: P_CTP43 | C10: 1.1 Part 2 + 1.2 통합 | D10: - | E10: - | F10: - | G10: 사후 통합 분석 | H10: OTHER | I10: POSTHOC_ANALYSIS | L10: Y | M10: EXTRA 행만 (점추정치 없는 부분 보고 사례) | N10: p51, 54–55 | O10: Y
A11: ST_CTP43_3_1 | B11: P_CTP43 | C11: CT-P43 3.1 | D11: NCT04673786 | E11: 3 | F11: 중등도–중증 판상 건선 | G11: 무작위, 이중맹검, 활성대조, 병행 | H11: EFFICACY_EQUIV | I11: PIVOTAL_EFFICACY | J11: CT-P43 256 / EU 253 (총 509) | K11: 45/90 mg SC (체중별) | L11: N | M11: 효능 시험 | N11: p30 | O11: Y
A12: ST_CTP43_DEV | B12: P_CTP43 | C12: 확인 필요 | D12: NCT06951828 | E12: 1 | F12: 건강인 남성 | G12: 자동주사기 vs PFS | H12: DEVICE_BRIDGING | I12: NOT_IN_EPAR | L12: N | M12: 기기 비교 | N12: EPAR 언급 없음 | O12: N

Sheet ambiguity_log
A1: id | B1: 발견 위치 | C1: v0.1 규칙으로 라벨링할 때 생긴 문제 | D1: v0.2 변경 | E1: 영향 필드
A2: A1 | B2: SB17 p43(1차 ANOVA) vs p46·48(사후 ANCOVA); CT-P43 p35 vs p37; p51 통합 분석 | C2: 같은 키(시험·필드·비교쌍)에 '정답'이 2~4개. 예: CT-P43 1.1 AUC 비율 124.36(1차) / 124.59(US 제외) / 114.32(보정) | D2: analysis_id 키 추가. 핵심 격자 = PRIMARY, 나머지는 EXTRA 행 | E2: pk_gmr_*
A3: A2 | B3: ABP p44 Table 5 'US vs EU' / SB17 p46 'EU/US' / CT-P43 'EU-Stelara/US-Stelara' | C3: 대조약끼리 비교의 방향(분자·분모)이 제품마다 다름. v0.1 enum은 EU_vs_US 하나뿐 | D3: comparison에 US_RP_vs_EU_RP 추가. 원문 방향 그대로 기록, 역수 변환 금지 | E3: comparison
A4: A3 | B4: SB17 p45 | C4: US 관련 비교는 '기준 범위 안'이라는 문장만 있고 1차 분석 수치 없음 | D4: GMR은 NOT_FOUND(+검색 범위), 결론은 pk_equiv_concluded=Y로 분리. NOT_FOUND에 searched_scope 필수 | E4: pk_gmr_*, pk_equiv_concluded
A5: A4 | B5: SB17 p43 Table 4 (N=67, n=62/64); ABP Table 5 [n]이 평가변수마다 다름 | C5: n_pk_set에 N(집단 크기)과 n(실제 분석 수) 중 무엇을 적을지 모호 | D5: n_pk_set = 집단 N. 평가변수별 n은 GMR 행의 n_test/n_ref 열로 이동 | E5: n_pk_set, n_test, n_ref
A6: A5 | B6: SB17 Table 3·7·9, ABP Table 5·42, CT-P43 Table 7·8·14 | C6: 핵심 수치가 이미지 표 → '인용 페이지 텍스트에 값이 있는지' 자동 검사가 불가능 | D6: modality 열 추가(TEXT/IMAGE). TEXT만 자동 대조, IMAGE는 시각 확인·OCR 대상으로 분리 | E6: modality, auto_text_check
A7: A6 | B7: SB17 Table 4 = Table 5; CT-P43 Table 12 = Table 13 | C7: 같은 값이 두 페이지에 있어 '정답 페이지'가 둘 | D7: pdf_page = 텍스트 층이 있는 첫 위치, 나머지는 alt_locations. 채점 시 둘 다 인정 | E7: pdf_page, alt_locations
A8: A7 | B8: SB17 p50 'post-dose positive' / ABP p94 'developing' vs 'anytime' / CT-P43 p111 'at least 1 post-treatment' | C8: ADA 양성률 정의가 제품마다 달라 같은 칸에 넣으면 비교가 왜곡됨 | D8: analysis_id로 정의 구분 + denominator 열. 핵심 격자에는 각 원문의 '투여 후 전체 기간' 지표 | E8: ada_incidence, nab_incidence
A9: A8 | B9: SB17 p49–50 | C9: NAb가 시점별·ADA 양성자 분모로만 보고됨(전체 기간 값 없음) | D9: 핵심 격자 NAb는 NOT_FOUND, Day 99 값은 EXTRA(NAB_AT_TIMEPOINT, 분모=ADA_POSITIVE) | E9: nab_incidence
A10: A9 | B10: CT-P43 p29–44 | C10: 한 제품에 PK 유사성 시험이 2개(1.1 Part 2 실패, 1.2 성공) + 통합 분석 | D10: studies에 role_in_dossier 추가. 두 시험 모두 평가 대상, 통합 분석은 별도 study_key | E10: studies
A11: A10 | B11: ABP p41 | C11: 군별 무작위배정 수가 없음(전체 238만) | D11: 군별은 NOT_FOUND, 전체는 arm=ALL EXTRA 행 | E11: n_randomized
A12: A11 | B12: CT-P43 p35 | C12: EU/US 동등성 결론이 명시 문장 없이 함의만 됨 | D12: pk_equiv_concluded는 명시 문장 필요. 함의는 PENDING → 사람 판정 | E12: pk_equiv_concluded
... A14: A13 | B14: CT-P43 p51 | C14: 통합 분석은 신뢰구간만 있고 점추정치 없음 | D14: value_num 비우고 CI만 기록(부분 보고). 상태는 REPORTED + 메모 | E14: pk_gmr_*

Sheet field_dictionary
A1: field_id | B1: domain | C1: level | D1: label_ko | E1: definition | F1: value_type | G1: unit_norm | H1: required_keys | I1: labeling_rule | J1: v0.2 변경
A2: design_phase | B2: DESIGN | C2: STUDY | D2: 시험 단계 | E2: 원문 임상 단계 | F2: ENUM | G2: - | H2: study_key | I2: 원문 표기 그대로 value_text, 숫자는 value_num.
A3: design_population | B3: DESIGN | C3: STUDY | D3: 대상 집단 | E3: 건강인/환자, 성별·연령·체중 조건 | F3: TEXT | G3: - | H3: study_key | I3: 본문과 개요표가 다르면 더 구체적인 쪽을 쓰고 modality 표시. | J3: ABP는 연령 조건이 이미지 표에만 있음
A4: design_type | B4: DESIGN | C4: STUDY | D4: 설계 | E4: 무작위·맹검·병행·군 수·투여 횟수 | F4: TEXT | G4: - | H4: study_key | I4: 원문 설계 문구 기준.
A5: dose | B5: DESIGN | C5: STUDY | D5: 투여량 | E5: 1회 투여량 | F5: NUMBER | G5: 원문 단위 | H5: study_key | I5: 단위 변환 금지. 제품 간 PK 비교 시 반드시 함께 제시(ABP 90 mg vs 다른 제품 45 mg). | J5: 용량 차이 주의 문구 추가
A6: route | B6: DESIGN | C6: STUDY | D6: 투여 경로 | E6: SC/IV (+기기) | F6: TEXT | G6: - | H6: study_key | I6: PFS 등 기기 정보가 있으면 괄호로.
A7: primary_pk_endpoints | B7: DESIGN | C7: STUDY | D7: 1차 PK 평가변수 | E7: 원문이 primary로 명시한 파라미터 | F7: TEXT | G7: - | H7: study_key | I7: 세미콜론 구분. 표기는 원문대로(AUCinf / AUC0-inf).
A8: equiv_margin | B8: DESIGN | C8: STUDY | D8: 동등성 기준 | E8: 90% CI 허용 범위 | F8: TEXT | G8: 원문 scale | H8: study_key | I8: 원문 표기 그대로(0.8 to 1.25 / 80.00% to 125.00%).
A9: ada_assay | B9: IMMUNO | C9: STUDY | D9: ADA·NAb 분석법 | E9: 분석 플랫폼·방식 | F9: TEXT | G9: - | H9: study_key | I9: ADA와 NAb 분석법을 구분해 적음. 제품 간 ADA 비교 제한의 근거.
A10: n_randomized | B10: DESIGN | C10: ARM | D10: 무작위배정 수 | E10: 군별 무작위배정 대상자 수 | F10: INTEGER | G10: 명 | H10: arm, analysis_set=RANDOMIZED | I10: 군별 수가 없고 전체만 있으면 군별 행은 NOT_FOUND, 전체는 arm=ALL EXTRA 행. | J10: ALL 행 규칙 추가 (ABP)
A11: n_pk_set | B11: DESIGN | C11: ARM | D11: PK 분석 집단 크기 | E11: PK 분석 집단의 군별 N | F11: INTEGER | G11: 명 | H11: arm, analysis_set=PK_SET | I11: 분석 집단 N만 기록. 평가변수별 실제 분석 수(n)는 GMR 행의 n_test/n_ref에. | J11: N과 n 분리 (SB17: N=67, n=62/64/60)
A12: pk_gmr_auc_inf | B12: PK | C12: COMPARISON | D12: AUCinf 기하평균비 | E12: 시험/대조 기하평균비와 90% CI | F12: RATIO_CI | G12: % (원문 자릿수) | H12: comparison, analysis_id, analysis_set | I12: ratio면 ×100. 원문 방향 그대로(분자/분모 = comparison). 핵심 격자는 analysis_id=PRIMARY. 같은 비교의 다른 분석은 EXTRA 행. | J12: analysis_id 키 추가, 비교 방향 규칙
A13: pk_gmr_auc_last | B13: PK | C13: COMPARISON | D13: AUClast 기하평균비 | E13: 〃 | F13: RATIO_CI | G13: % | H13: comparison, analysis_id, analysis_set | I13: 기술통계만 있으면 NOT_FOUND.
A14: pk_gmr_auc_tau | B14: PK | C14: COMPARISON | D14: AUCtau 기하평균비 | E14: 반복투여 정상상태 | F14: RATIO_CI | G14: % | H14: comparison, analysis_id, analysis_set, timepoint | I14: 단회투여 시험에는 쓰지 않음.
A15: pk_gmr_cmax | B15: PK | C15: COMPARISON | D15: Cmax 기하평균비 | E15: 〃 | F15: RATIO_CI | G15: % | H15: comparison, analysis_id, analysis_set | I15: pk_gmr_auc_inf와 같은 규칙.
A16: pk_equiv_concluded | B16: PK | C16: COMPARISON | D16: 동등성 결론 | E16: 원문이 동등성 충족/미충족을 결론냈는지 | F16: ENUM(Y/N) | G16: - | H16: comparison, analysis_id | I16: 결론 문장이 명시적이어야 함. 다른 문장에서 함의만 되면 PENDING으로 두고 사람 판정. | J16: 함의 판정 → PENDING (CT-P43 1.1 EU/US)
A17: ada_incidence | B17: IMMUNO | C17: ARM | D17: ADA 양성률 | E17: 군별 ADA 양성 비율 | F17: PERCENT | G17: % (원문 자릿수) | H17: arm, analysis_id(정의), analysis_set, timepoint | I17: analysis_id로 정의를 구분(ADA_POSTDOSE_ANY / ADA_TREATMENT_EMERGENT / ADA_ANYTIME). 핵심 격자에는 원문의 '투여 후 전체 기간' 지표. value_text에 n/N 원문 그대로, denominator에 분모. | J17: 정의별 analysis_id, denominator 열 추가
A18: nab_incidence | B18: IMMUNO | C18: ARM | D18: 중화항체 양성률 | E18: 군별 NAb 양성 비율 | F18: PERCENT | G18: % | H18: arm, analysis_id(정의), analysis_set, timepoint | I18: 분모가 전체 대상자인지 ADA 양성자인지 denominator에 필수. 전체 기간 값이 없으면 NOT_FOUND, 시점별 값은 EXTRA. | J18: SB17은 시점별·ADA 양성자 분모만 있음

Sheet products
A1: product_id | B1: role | C1: dev_code | D1: ingredient | E1: eu_name | F1: us_name | G1: developer | H1: ema_product_number | I1: fda_bla | J1: gold_tier | K1: verified | L1: notes
A2: P_SB17 | B2: TEST | C2: SB17 | D2: ustekinumab | E2: Pyzchiva | F2: Pyzchiva | G2: Samsung Bioepis | H2: EMEA/H/C/006183 | I2: 761373; 761425 | J2: AUTO | K2: Y | L2: EMA JSON·Drugs@FDA (biosimilar_collection 수집본). 미국 유통·라벨 등록 주체는 개발사와 별도 관리
A3: P_ABP654 | B3: TEST | C3: ABP 654 | D3: ustekinumab | E3: Wezenla | F3: Wezlana | G3: Amgen | H3: EMEA/H/C/006132 | I3: 761285; 761331 | J3: AUTO | K3: Y | L3: 지역별 제품명 다름(EU Wezenla / US Wezlana)
A4: P_CTP43 | B4: TEST | C4: CT-P43 | D4: ustekinumab | E4: Steqeyma | F4: Steqeyma | G4: Celltrion | H4: EMEA/H/C/005918 | I4: 761338 | J4: AUTO | K4: Y
A5: P_STELARA | B5: REFERENCE | C5: - | D5: ustekinumab | E5: Stelara | F5: Stelara | G5: Janssen | J5: AUTO | K5: N | L5: 대조약. EU/US 출처는 arm(EU_RP/US_RP)으로 구분

Sheet sources
A1: source_id | B1: document_id | C1: product_id | D1: source_type | E1: title | F1: url | G1: sha256 | H1: total_pages | I1: retrieved | J1: role | K1: notes
A2: SRC_EPAR_PYZ | B2: EMA:63563 | C2: P_SB17 | D2: EPAR | E2: Pyzchiva EPAR – public assessment report (EMA/106045/2024) | F2: https://www.ema.europa.eu/en/documents/assessment-report/pyzchiva-epar-public-assessment-report_en.pdf | G2: fea275487bb971962201b77aec3d2e12cee7d545be026b378f1980fa272f6e76 | H2: 168 | I2: 2026-10-02 KST | J2: PRIMARY | K2: 정답 기준 문서(해시 고정)
A3: SRC_EPAR_WEZ | B3: EMA:64196 | C3: P_ABP654 | D3: EPAR | E3: Wezenla EPAR – public assessment report (EMA/228742/2024) | F3: https://www.ema.europa.eu/en/documents/assessment-report/wezenla-epar-public-assessment-report_en.pdf | G3: 123ca94880a07a1e9affd6f894d7c6dd95ac38714657ed338683b8ed2016e03c | H3: 117 | I3: 2026-10-02 KST | J3: PRIMARY | K3: 핵심 PK·ADA 표가 이미지
A4: SRC_EPAR_STQ | B4: EMA:64792 | C4: P_CTP43 | D4: EPAR | E4: Steqeyma EPAR – public assessment report (EMA/328491/2024) | F4: https://www.ema.europa.eu/en/documents/assessment-report/steqeyma-epar-public-assessment-report_en.pdf | G4: 513959da3a6d724b63160792cbf18acb7f83d3396ab8147f491d543ce392bcce | H4: 133 | I4: 2026-10-02 KST | J4: PRIMARY
A5: PILOT_OBS | B5: - | D5: PRIOR_EXTRACTION | E5: data/reviewed/observations.jsonl (PK 8건, assistant_visual_spot_check) | I5: 2026-10-01 | J5: CROSSCHECK | K5: 같은 EPAR에서 이전에 뽑은 값 → 재추출 일치 확인용. 독립 출처가 아니므로 CROSS 등급 근거로 쓰지 않음
A6: SRC_EUCTR_ABP_IC | B6: - | C6: P_ABP654 | D6: REGISTRY_EUCTR | E6: EudraCT 2020-005205-42 results (20200417, interchangeability) | F6: https://www.clinicaltrialsregister.eu/ctr-search/trial/2020-005205-42/results | I6: 2026-10-02 | J6: CONTEXT | K6: 예시 행 출처. Wezenla EPAR에는 없는 시험

Sheet open_questions
A1: q_id | B1: question | C1: target_products | D1: answer_type | E1: gold_reference | F1: must_not | G1: pass_rule
A2: Q01 | B2: SB17, ABP 654, CT-P43의 미국·유럽 제품명과 공개 심사 문서를 연결해줘. | C2: 3개 제품 | D2: TABLE | E2: products + sources | F2: 이름만으로 동일시 | G2: 매핑 100%
A3: Q02 | B3: 세 제품의 PK 시험 설계, 대상자 수, 용량, 대조약과 주요 결과를 비교해줘. | C3: 3개 제품 | D3: TABLE | E3: gold_values CORE (DESIGN·PK) | F3: 다른 분석·시험 값 혼입; 용량 차이 누락; CT-P43 두 시험 합치기 | G3: 칸 단위 채점
A4: Q03 | B4: ADA와 중화항체 결과를 비교하고, 직접 비교할 수 없는 부분도 알려줘. | C4: 3개 제품 | D4: TABLE+NARRATIVE | E4: gold_values IMMUNO + ambiguity_log A7·A8 | F4: 정의·분모가 다른 수치로 우열 단정 | G4: 칸 채점 + 정의 차이 언급
A5: Q04 | B5: CT-P43 1.1에서 AUC 동등성이 실패한 이유와 이후 대응을 설명해줘. | C5: CT-P43 | D5: NARRATIVE | E5: EPAR p35–37, 39–44, 51 | F5: 사후 보정 값을 1차 결과처럼 제시 | G5: 단백질 함량·ADA·체중 3요인 + 1.2 재수행 언급
A6: Q05 | B6: 비교표에서 찾지 못한 항목과 그 이유만 보여줘. | C6: 3개 제품 | D6: STATUS_LIST | E6: gold_values status·searched_scope | F6: '찾지 못함'을 '시험 안 함'으로 표현 | G6: NOT_FOUND 19칸 일치

Sheet synthetic_tests
A1: test_id | B1: test_type | C1: question | D1: expected_behavior | E1: pass_rule | F1: gold_ref
A2: SYN-01 | B2: ANALYSIS_TRAP | C2: CT-P43 1.1 Part 2에서 CT-P43/EU AUC0-inf 비율은? | D2: 1차 분석 124.36 (115.58–133.82) 제시, 사후 분석 값은 구분해 언급 | E2: 124.59·114.32를 1차 결과로 제시하면 실패 | F2: G-CTP11 PRIMARY 행
A3: SYN-02 | B3: QUALITATIVE_ONLY | C3: SB17과 US Stelara의 Cmax 비율은? | D3: 1차 분석 수치는 EPAR에 없음 + 사후 ANCOVA 0.96 (0.88–1.05)만 있음을 명시 | E3: 출처 없이 숫자를 만들거나 사후 값을 1차로 제시하면 실패 | F3: SB17 NOT_FOUND + EXTRA
A4: SYN-03 | B4: DIRECTION_TRAP | C4: ABP 654 시험에서 EU 대조약 대비 US 대조약 비율은? | D4: 원문은 US/EU 방향(0.9276) — 방향을 밝히고 제시 | E4: 역수로 바꾸고 원문 값처럼 제시하면 실패 | F4: US_RP_vs_EU_RP 행
A5: SYN-04 | B5: DEFINITION_TRAP | C5: 세 제품 중 ADA 양성률이 가장 낮은 건? | D5: ADA 정의·분모·시점이 다름을 설명, 단순 순위 제시 금지 | E5: 우열 단정 시 실패 | F5: ambiguity_log A7
A6: SYN-05 | B6: PARTIAL_REPORT | C6: CT-P43 통합 분석의 AUC 비율 점추정치는? | D6: EPAR에 신뢰구간만 있고 점추정치는 없음 | E6: 점추정치를 만들어내면 실패 | F6: G-CTPPL 행
A7: SYN-06 | B7: STUDY_TRAP | C7: ABP 654 PK 결과 알려줘. | D7: 20190230 단회투여 결과 중심, 20200417 스위칭 결과는 별도 시험으로 구분 | E7: 스위칭 값(93.25%)을 단일 정답으로 제시하면 실패 | F7: EXAMPLE 행
A8: SYN-07 | B8: UNANSWERABLE | C8: ABP 654 PK 시험의 군별 무작위배정 수는? | D8: EPAR에 군별 수 없음(전체 238). PK 분석 집단 수는 제시 가능 | E8: 군별 수를 만들어내면 실패 | F8: ABP n_randomized

Sheet enums
A1: status | D1: analysis_id | G1: arm | J1: comparison | M1: analysis_set | P1: row_type | S1: modality | V1: gold_tier | Y1: study_purpose | AB1: role_in_dossier | AE1: source_type | AH1: level | AK1: domain | AN1: yes_no
A2: code | B2: 설명 | D2: code | E2: 설명 | G2: code | H2: 설명 | J2: code | K2: 설명 | M2: code | N2: 설명 | P2: code | Q2: 설명 | S2: code | T2: 설명 | V2: code | W2: 설명 | Y2: code | Z2: 설명 | AB2: code | AC2: 설명 | AE2: code | AF2: 설명 | AH2: code | AI2: 설명 | AK2: code | AL2: 설명 | AN2: code | AO2: 설명
A3: REPORTED | B3: 보고됨: 공개 문서에 값이 있음 | D3: PRIMARY | E3: 원문이 1차/주 분석으로 제시한 분석 | G3: TEST | H3: 시험약(바이오시밀러) | J3: TEST_vs_EU_RP | K3: 시험약 / EU 대조약 | M3: RANDOMIZED | N3: 무작위배정 집단 | P3: CORE | Q3: 평가 격자(시험당 32칸). 충족률 계산 대상 | S3: TEXT | T3: PDF 텍스트 층에 값이 있음 → 자동 대조 가능 | V3: AUTO | W3: 구조화 메타데이터에서 자동 확정 | Y3: PK_SIMILARITY | Z3: PK 유사성 | AB3: PIVOTAL_PK | AC3: 허가의 핵심 PK 근거 | AE3: EPAR | AF3: EMA 공개 평가보고서 | AH3: STUDY | AI3: 시험당 1값 | AK3: DESIGN | AL3: 설계·인원 | AN3: Y | AO3: 예
A4: REDACTED | B4: 비공개·가림 처리 | D4: ADHOC_ANCOVA_WT | E4: 사후 ANCOVA(체중 공변량) | G4: EU_RP | H4: EU 출처 대조약 | J4: TEST_vs_US_RP | K4: 시험약 / US 대조약 | M4: SAFETY_SET | N4: 안전성(투여) 집단 | P4: EXTRA | Q4: 원문에 있는 추가 분석·정의 (함정 테스트용) | S4: IMAGE | T4: 이미지 표/그림 → 시각 확인·OCR 필요 | V4: AI_DRAFT | W4: AI 라벨(A). 사람 B 검증 전 | Y4: EFFICACY_EQUIV | Z4: 효능 동등성 | AB4: REPEAT_PK | AC4: 추가 수행 PK 시험 | AE4: FDA_REVIEW | AF4: FDA 심사 문서 | AH4: ARM | AI4: 군별 → arm 필수 | AK4: PK | AL4: PK 결과 | AN4: N | AO4: 아니오
A5: NOT_FOUND | B5: 확인한 문서 범위에서 찾지 못함 (≠ 시험 안 함). searched_scope 필수 | D5: POSTHOC_US_EXCL | E5: 사후: US군 제외 ANCOVA | G5: US_RP | H5: US 출처 대조약 | J5: EU_RP_vs_US_RP | K5: EU / US (분자 EU) | M5: PK_SET | N5: PK 분석 집단 | P5: EXAMPLE | Q5: 형식 예시 (평가 제외) | V5: HUMAN | W5: A·B 일치 또는 사람 조정 완료 | Y5: SWITCHING | Z5: 스위칭·상호교환성 | AB5: PIVOTAL_EFFICACY | AC5: 핵심 효능 근거 | AE5: PAPER | AF5: 논문 | AH5: COMPARISON | AI5: 비교쌍별 → comparison·analysis_id 필수 | AK5: IMMUNO | AL5: 면역원성
A6: NOT_APPLICABLE | B6: 해당 시험에 적용 안 됨 | D6: POSTHOC_ALL_ADJ | E6: 사후: 여러 요인 동시 보정 | G6: RP | H6: 대조약(출처 구분 없음) | J6: US_RP_vs_EU_RP | K6: US / EU (분자 US) | M6: FAS | N6: 최대분석집단 | V6: CROSS | W6: 독립 출처 2곳 이상 일치 | Y6: DEVICE_BRIDGING | Z6: 기기 비교 | AB6: POSTHOC_ANALYSIS | AC6: 사후 통합 분석 | AE6: REGISTRY_CTGOV | AF6: ClinicalTrials.gov
A7: PENDING | B7: 라벨 전 또는 사람 조정 필요 | D7: POOLED_POSTHOC | E7: 사후 통합(pooled) 분석 | G7: SWITCH | H7: 스위칭군 | J7: TEST_vs_RP | K7: 시험약 / 대조약 | M7: PPS | N7: 계획서 순응 집단 | V7: SYNTH | W7: 합성 테스트 | Y7: OTHER | Z7: 기타 | AB7: NOT_IN_EPAR | AC7: EPAR에 없는 시험 | AE7: REGISTRY_EUCTR | AF7: EU 임상시험 등록부
D8: ADA_POSTDOSE_ANY | E8: 투여 후 1회 이상 ADA 양성(기저치 무관) | G8: CONT | H8: 지속투여군 | J8: SWITCH_vs_CONT | K8: 스위칭 / 지속투여 | M8: NA | N8: 해당 없음 | AE8: METADATA_JSON | AF8: 구조화 메타데이터
D9: ADA_TREATMENT_EMERGENT | E9: 기저치 음성 → 투여 후 양성(developing) | G9: ALL | H9: 전체 | J9: AI_vs_PFS | K9: 자동주사기 / PFS | AE9: PRIOR_EXTRACTION | AF9: 이전 파일럿 추출 결과
D10: ADA_ANYTIME | E10: 기저치 포함 아무 때나 양성 | G10: NA | H10: 해당 없음 | J10: NA | K10: 해당 없음
D11: NAB_POSTDOSE_ANY | E11: 투여 후 1회 이상 NAb 양성
D12: NAB_TREATMENT_EMERGENT | E12: 기저치 음성 → 투여 후 NAb 양성
D13: NAB_AT_TIMEPOINT | E13: 특정 시점 NAb 양성
D14: NA | E14: 해당 없음(설계·인원 필드)
